file,size,cropped_pct,heuristic_rects,heuristic_sel_pct,heuristic_payload_pct,heuristic_ms,perframe_rects,perframe_sel_pct,perframe_payload_pct,perframe_ms,frozen_rects,frozen_sel_pct,frozen_payload_pct,frozen_ms,frozen_raw_median,sweep_heuristic_0.5,sweep_frozen_0.5,sweep_heuristic_0.7,sweep_frozen_0.7,quantile_0.05,quantile_0.1,quantile_0.15,quantile_0.2
"100005.49997997284 AFC_0 Guidance TM(139,14) APID(292).png",1020x1020,0.0,195,31.97,32.35,23,391,12.69,13.44,189,332,9.43,10.06,78,0.43613,32.35,10.06,26.84,4.88,4.36,8.58,12.74,16.99
"100054.0229511261 AFC_0 Guidance TM(139,14) APID(292).png",1020x1020,0.0,297,33.9,34.47,47,432,13.02,13.85,173,341,9.09,9.75,78,0.43621,34.47,9.75,28.43,4.72,4.28,8.4,12.51,16.6
"100101.59194993973 AFC_0 Guidance TM(139,14) APID(292).png",1020x1020,0.0,283,34.23,34.77,48,369,10.99,11.7,177,342,9.47,10.12,62,0.43606,34.77,10.12,28.7,4.9,4.31,8.43,12.59,16.67
"100150.17094945908 AFC_0 Guidance TM(139,14) APID(292).png",1020x1020,0.0,240,33.41,33.87,31,377,11.42,12.14,188,349,9.9,10.57,62,0.43596,33.87,10.57,28.17,4.97,4.44,8.68,12.93,17.2
"100197.5699558258 AFC_0 Guidance TM(139,14) APID(292).png",1020x1020,0.0,296,34.51,35.07,46,381,12.06,12.79,172,332,9.48,10.12,63,0.43576,35.07,10.12,28.9,5.0,4.42,8.61,12.87,17.01
"100247.75899600983 AFC_0 Guidance TM(139,14) APID(292).png",1020x1020,0.0,223,33.2,33.63,15,352,11.18,11.86,188,352,9.76,10.43,62,0.43654,33.63,10.43,28.41,4.98,4.39,8.58,12.74,16.93
"100293.5459947586 AFC_0 Guidance TM(139,14) APID(292).png",1020x1020,0.0,283,34.73,35.27,46,380,11.89,12.62,173,306,9.22,9.81,64,0.43666,35.27,9.81,29.71,4.92,4.42,8.62,12.9,17.11
"100343.70499420166 AFC_0 Guidance TM(139,14) APID(292).png",1020x1020,0.0,272,34.71,35.24,26,357,11.09,11.77,172,310,9.15,9.74,78,0.4364,35.24,9.74,29.73,4.52,4.37,8.53,12.74,16.92
"100389.63194465637 AFC_0 Guidance TM(139,14) APID(292).png",1020x1020,0.0,340,36.1,36.75,46,374,11.24,11.96,173,343,9.44,10.1,78,0.43742,36.75,10.1,30.05,4.74,4.43,8.72,12.98,17.26
"100439.72996854782 AFC_0 Guidance TM(139,14) APID(292).png",1020x1020,0.0,321,35.45,36.06,47,375,11.28,12.0,188,342,9.18,9.83,63,0.43653,36.06,9.83,30.46,4.56,4.32,8.56,12.66,16.81
"100485.5659623146 AFC_0 Guidance TM(139,14) APID(292).png",1020x1020,0.0,282,35.07,35.61,29,417,12.79,13.59,188,361,9.77,10.47,63,0.43672,35.61,10.47,29.7,4.98,4.45,8.76,12.93,17.24
"100533.46499204636 AFC_0 Guidance TM(139,14) APID(292).png",1020x1020,0.0,228,34.12,34.56,16,383,11.21,11.95,188,344,8.93,9.59,63,0.4364,34.56,9.59,29.24,4.41,4.43,8.76,12.98,17.23
"100581.53097438812 AFC_0 Guidance TM(139,14) APID(292).png",1020x1020,0.0,228,34.15,34.58,31,367,11.31,12.01,172,358,9.26,9.95,62,0.43621,34.58,9.95,28.64,3.98,4.36,8.6,12.73,16.87
"100629.53794813156 AFC_0 Guidance TM(139,14) APID(292).png",1020x1020,0.0,223,34.19,34.62,31,348,11.39,12.06,173,340,9.27,9.93,62,0.43617,34.62,9.93,27.23,4.32,4.41,8.65,12.91,17.12
"100677.57597589493 AFC_0 Guidance TM(139,14) APID(292).png",1020x1020,0.0,288,35.76,36.32,31,325,10.92,11.55,172,329,9.41,10.04,70,0.43616,36.32,10.04,30.47,4.49,4.37,8.56,12.75,16.97
"100725.53699445724 AFC_0 Guidance TM(139,14) APID(292).png",1020x1020,0.0,218,34.8,35.21,15,315,10.7,11.3,173,325,8.9,9.52,63,0.43559,35.21,9.52,29.84,4.19,4.33,8.45,12.56,16.77
"100773.91596078873 AFC_0 Guidance TM(139,14) APID(292).png",1020x1020,0.0,341,37.4,38.05,48,382,11.64,12.37,171,333,8.89,9.53,78,0.43597,38.05,9.53,31.5,4.35,4.31,8.47,12.66,16.78
"100821.57895612717 AFC_0 Guidance TM(139,14) APID(292).png",1020x1020,0.0,271,35.83,36.35,46,363,11.22,11.92,172,331,8.96,9.59,62,0.43594,36.35,9.59,30.5,4.4,4.37,8.58,12.81,17.01
"100871.61695814133 AFC_0 Guidance TM(139,14) APID(292).png",1020x1020,0.0,437,39.25,40.09,63,376,12.25,12.97,172,340,9.0,9.65,63,0.43659,40.09,9.65,32.02,4.32,4.49,8.83,13.12,17.44
"100917.5289478302 AFC_0 Guidance TM(139,14) APID(292).png",1020x1020,0.0,391,38.59,39.34,55,378,10.8,11.52,164,340,8.72,9.37,78,0.43575,39.34,9.37,31.81,4.21,4.4,8.66,12.82,17.06
"100967.7449889183 AFC_0 Guidance TM(139,14) APID(292).png",1020x1020,0.0,395,38.99,39.75,46,377,11.06,11.78,183,321,8.91,9.53,52,0.43602,39.75,9.53,32.21,4.27,4.44,8.71,12.98,17.24
"101013.573949337 AFC_0 Guidance TM(139,14) APID(292).png",1020x1020,0.0,324,37.09,37.72,47,375,11.64,12.36,175,322,8.93,9.55,59,0.43614,37.72,9.55,31.51,4.48,4.41,8.66,12.91,17.21
"101061.5659623146 AFC_0 Guidance TM(139,14) APID(292).png",1020x1020,0.0,301,37.16,37.74,47,344,10.96,11.62,173,313,8.79,9.39,63,0.4368,37.74,9.39,31.52,4.37,4.43,8.66,12.88,17.17
"101109.55195522308 AFC_0 Guidance TM(139,14) APID(292).png",1020x1020,0.0,282,37.33,37.87,47,360,11.65,12.35,172,313,8.62,9.22,62,0.43531,37.87,9.22,32.15,4.26,4.44,8.69,12.94,17.21
"101157.54694843292 AFC_0 Guidance TM(139,14) APID(292).png",1020x1020,0.0,225,36.04,36.47,31,354,11.28,11.96,173,298,8.94,9.51,62,0.43513,36.47,9.51,29.42,4.41,4.44,8.73,13.0,17.36
"101205.5499882698 AFC_0 Guidance TM(139,14) APID(292).png",1020x1020,0.0,242,36.68,37.14,31,373,11.86,12.58,173,318,9.22,9.83,62,0.43483,37.14,9.83,30.04,4.36,4.42,8.65,12.89,17.12
"101269.79094266891 AFC_0 Guidance TM(139,14) APID(292).png",1020x1020,0.0,224,36.32,36.75,31,368,12.3,13.01,172,330,9.09,9.73,63,0.43559,36.75,9.73,30.26,4.36,4.35,8.52,12.62,16.84
"101301.54295492172 AFC_0 Guidance TM(139,14) APID(292).png",1020x1020,0.0,295,37.91,38.48,47,343,11.2,11.86,173,325,9.07,9.69,62,0.43564,38.48,9.69,32.02,4.19,4.38,8.57,12.74,17.01
"101349.49997997284 AFC_0 Guidance TM(139,14) APID(292).png",1020x1020,0.0,224,35.97,36.4,16,342,11.36,12.02,172,315,9.18,9.78,63,0.43577,36.4,9.78,21.44,4.07,4.49,8.84,13.1,17.51
"101397.48495960236 AFC_0 Guidance TM(139,14) APID(292).png",1020x1020,0.0,215,37.08,37.49,15,360,12.07,12.76,172,308,9.02,9.62,62,0.43581,37.49,9.62,30.64,4.35,4.46,8.68,12.96,17.25
"101445.59194993973 AFC_0 Guidance TM(139,14) APID(292).png",1020x1020,0.0,201,36.91,37.3,15,341,11.0,11.66,173,310,9.12,9.72,62,0.43518,37.3,9.72,30.15,4.29,4.4,8.58,12.77,17.05
"101494.33796167374 AFC_0 Guidance TM(139,14) APID(292).png",1020x1020,0.0,365,40.36,41.06,46,369,11.5,12.21,188,307,8.94,9.53,63,0.43516,41.06,9.53,33.29,4.18,4.48,8.76,13.08,17.39
"101541.54194164276 AFC_0 Guidance TM(139,14) APID(292).png",1020x1020,0.0,474,42.87,43.78,65,339,10.73,11.38,172,326,8.79,9.42,65,0.43529,43.78,9.42,34.35,3.99,4.46,8.83,13.06,17.43
"101590.29695367813 AFC_0 Guidance TM(139,14) APID(292).png",1020x1020,0.0,442,42.93,43.78,63,343,10.91,11.57,171,321,9.19,9.81,64,0.43483,43.78,9.81,34.31,4.2,4.38,8.6,12.76,16.98
"101637.54194164276 AFC_0 Guidance TM(139,14) APID(292).png",1020x1020,0.0,315,39.86,40.47,44,357,11.42,12.1,172,320,9.36,9.97,62,0.43483,40.47,9.97,33.38,4.35,4.47,8.78,13.07,17.4
"101695.31895112991 AFC_0 Guidance TM(139,14) APID(292).png",1020x1020,0.0,280,38.6,39.14,46,336,10.81,11.46,157,329,9.23,9.86,78,0.4348,39.14,9.86,32.5,4.41,4.32,8.54,12.67,16.93
"101733.46195220947 AFC_0 Guidance TM(139,14) APID(292).png",1020x1020,0.0,265,39.02,39.53,31,333,11.32,11.96,173,315,9.31,9.92,63,0.43483,39.53,9.92,32.94,4.31,4.29,8.48,12.56,16.79
"101781.91095399857 AFC_0 Guidance TM(139,14) APID(292).png",1020x1020,0.0,288,39.49,40.04,31,349,11.89,12.56,172,323,9.29,9.91,80,0.43483,40.04,9.91,33.5,3.95,4.39,8.71,12.93,17.32
"101829.58497619629 AFC_0 Guidance TM(139,14) APID(292).png",1020x1020,0.0,363,41.92,42.62,47,346,11.09,11.75,172,326,9.04,9.66,78,0.43462,42.62,9.66,34.92,4.09,4.45,8.77,13.04,17.37
"101879.82396507263 AFC_0 Guidance TM(139,14) APID(292).png",1020x1020,0.0,369,41.11,41.82,48,351,10.89,11.57,172,313,9.27,9.88,62,0.43483,41.82,9.88,34.18,3.98,4.45,8.78,13.13,17.46
"101925.57895612717 AFC_0 Guidance TM(139,14) APID(292).png",1020x1020,0.0,406,42.82,43.6,63,369,11.28,11.99,172,333,9.09,9.73,75,0.43483,43.6,9.73,35.17,4.04,4.44,8.79,13.09,17.51
"101975.84399223328 AFC_0 Guidance TM(139,14) APID(292).png",1020x1020,0.0,427,43.21,44.03,63,350,11.13,11.8,173,340,9.18,9.83,62,0.43483,44.03,9.83,35.35,3.95,4.45,8.78,13.02,17.35
"102021.60297679901 AFC_0 Guidance TM(139,14) APID(292).png",1020x1020,0.0,422,43.38,44.19,47,359,11.28,11.97,182,331,9.37,10.01,69,0.43401,44.19,10.01,35.39,3.94,4.37,8.63,12.75,17.04
"102069.47095251083 AFC_0 Guidance TM(139,14) APID(292).png",1020x1020,0.0,359,41.44,42.13,53,371,11.4,12.12,166,352,9.59,10.27,79,0.43408,42.13,10.27,34.29,4.15,4.45,8.8,13.05,17.45
"102117.52996110916 AFC_0 Guidance TM(139,14) APID(292).png",1020x1020,0.0,313,41.04,41.64,47,362,11.31,12.0,172,344,9.29,9.95,63,0.43481,41.64,9.95,34.28,4.1,4.43,8.74,12.99,17.27
"102165.4879398346 AFC_0 Guidance TM(139,14) APID(292).png",1020x1020,0.0,239,39.06,39.52,39,375,11.64,12.36,164,348,9.27,9.94,78,0.43395,39.52,9.94,31.47,4.13,4.5,8.88,13.16,17.55
"102213.61299037933 AFC_0 Guidance TM(139,14) APID(292).png",1020x1020,0.0,393,42.74,43.5,63,397,12.1,12.86,181,338,9.3,9.95,69,0.43395,43.5,9.95,35.84,4.14,4.37,8.63,12.78,17.0
"102265.61395215988 AFC_0 Guidance TM(139,14) APID(292).png",1020x1020,0.0,313,41.36,41.96,46,368,11.35,12.06,172,338,9.41,10.06,63,0.43395,41.96,10.06,34.9,4.08,4.41,8.69,12.89,17.14
"102309.48597288132 AFC_0 Guidance TM(139,14) APID(292).png",1020x1020,0.0,309,41.62,42.21,47,391,12.14,12.89,172,346,9.34,10.01,78,0.43395,42.21,10.01,34.67,4.09,4.48,8.83,13.07,17.47
"102357.90499353409 AFC_0 Guidance TM(139,14) APID(292).png",1020x1020,0.0,480,46.71,47.64,54,370,11.53,12.24,188,339,9.2,9.86,68,0.43395,47.64,9.86,36.44,4.24,4.41,8.66,12.9,17.19
"102405.56095552444 AFC_0 Guidance TM(139,14) APID(292).png",1020x1020,0.0,334,42.44,43.08,47,377,11.56,12.28,173,330,9.74,10.38,62,0.434,43.08,10.38,34.38,4.36,4.5,8.87,13.19,17.61
"102453.59194993973 AFC_0 Guidance TM(139,14) APID(292).png",1020x1020,0.0,393,44.51,45.27,63,351,10.96,11.64,178,314,9.26,9.86,57,0.4341,45.27,9.86,36.47,4.02,4.45,8.72,12.95,17.34
"102501.59397649765 AFC_0 Guidance TM(139,14) APID(292).png",1020x1020,0.0,344,43.28,43.94,46,343,10.98,11.64,172,314,9.45,10.06,78,0.43395,43.94,10.06,35.32,4.12,4.42,8.63,12.83,17.12
"102552.39795780182 AFC_0 Guidance TM(139,14) APID(292).png",1020x1020,0.0,199,39.86,40.24,31,341,11.38,12.03,173,296,9.29,9.86,63,0.43388,40.24,9.86,31.64,3.81,4.42,8.6,12.85,17.22
"102599.91796159744 AFC_0 Guidance TM(139,14) APID(292).png",1020x1020,0.0,274,41.34,41.87,42,351,11.29,11.97,173,321,9.49,10.11,71,0.43395,41.87,10.11,34.19,3.89,4.53,8.86,13.22,17.66
"102647.5339884758 AFC_0 Guidance TM(139,14) APID(292).png",1020x1020,0.0,281,42.02,42.56,31,367,11.67,12.37,188,319,9.69,10.3,63,0.43388,42.56,10.3,34.59,4.18,4.5,8.84,13.14,17.6
"102695.43099164963 AFC_0 Guidance TM(139,14) APID(292).png",1020x1020,0.0,300,42.69,43.26,46,414,12.14,12.93,173,333,9.73,10.37,80,0.4338,43.26,10.37,36.12,4.18,4.45,8.73,12.99,17.32
"102743.45596599579 AFC_0 Guidance TM(139,14) APID(292).png",1020x1020,0.0,342,43.92,44.57,47,346,10.52,11.18,172,316,9.69,10.3,78,0.43395,44.57,10.3,36.62,4.18,4.53,8.85,13.21,17.62
"102791.60998439789 AFC_0 Guidance TM(139,14) APID(292).png",1020x1020,0.0,349,43.86,44.53,47,368,11.45,12.15,172,333,9.33,9.97,78,0.43395,44.53,9.97,35.74,3.73,4.46,8.74,12.96,17.36
"102837.55696201324 AFC_0 Guidance TM(139,14) APID(292).png",1020x1020,0.0,283,41.62,42.16,31,388,11.03,11.78,189,344,9.34,10.0,63,0.43346,42.16,10.0,33.94,3.52,4.43,8.74,12.97,17.31
"102887.65695285797 AFC_0 Guidance TM(139,14) APID(292).png",1020x1020,0.0,369,43.61,44.32,47,395,11.71,12.47,173,347,9.67,10.34,79,0.43363,44.32,10.34,36.09,4.07,4.54,8.89,13.21,17.64
"102934.43797826767 AFC_0 Guidance TM(139,14) APID(292).png",1020x1020,0.0,313,42.92,43.52,31,398,11.81,12.57,188,342,9.38,10.04,78,0.43372,43.52,10.04,35.68,4.03,4.4,8.66,12.85,17.09
"102982.00995731354 AFC_0 Guidance TM(139,14) APID(292).png",1020x1020,0.0,412,45.44,46.23,62,387,11.61,12.36,173,343,9.54,10.2,77,0.43361,46.23,10.2,37.04,4.23,4.51,8.85,13.11,17.53
"103029.46898555756 AFC_0 Guidance TM(139,14) APID(292).png",1020x1020,0.0,395,44.82,45.58,39,402,11.89,12.66,189,355,9.44,10.12,78,0.43388,45.58,10.12,36.51,4.06,4.49,8.77,13.03,17.41
"103079.60998439789 AFC_0 Guidance TM(139,14) APID(292).png",1020x1020,0.0,247,40.55,41.03,15,418,12.22,13.02,189,330,9.54,10.17,79,0.43376,41.03,10.17,13.95,3.98,4.46,8.74,12.99,17.33
"103125.5009932518 AFC_0 Guidance TM(139,14) APID(292).png",1020x1020,0.0,528,49.13,50.15,63,404,11.43,12.21,188,350,9.33,10.0,62,0.43395,50.15,10.0,38.61,3.54,4.44,8.72,12.97,17.16
"103175.8169913292 AFC_0 Guidance TM(139,14) APID(292).png",1020x1020,0.0,379,45.07,45.79,47,391,10.63,11.38,189,349,9.22,9.89,64,0.43328,45.79,9.89,36.79,3.48,4.43,8.73,12.99,17.21
"103221.5779428482 AFC_0 Guidance TM(139,14) APID(292).png",1020x1020,0.0,517,49.77,50.77,63,395,11.29,12.05,173,376,9.92,10.65,78,0.43363,50.77,10.65,38.84,4.08,4.53,8.95,13.22,17.54
"103271.3879570961 AFC_0 Guidance TM(139,14) APID(292).png",1020x1020,0.0,482,48.53,49.45,63,379,11.27,12.0,173,353,9.48,10.16,79,0.43373,49.45,10.16,38.5,3.39,4.48,8.87,13.05,17.44
"103317.59594345093 AFC_0 Guidance TM(139,14) APID(292).png",1020x1020,0.0,518,49.0,49.99,63,408,11.94,12.73,189,372,9.67,10.39,78,0.43381,49.99,10.39,38.92,3.33,4.49,8.81,13.05,17.33
"103365.55094194412 AFC_0 Guidance TM(139,14) APID(292).png",1020x1020,0.0,478,47.81,48.73,63,401,11.7,12.47,204,373,9.83,10.54,62,0.43376,48.73,10.54,38.26,3.47,4.53,8.96,13.25,17.58
"103415.16497612 AFC_0 Guidance TM(139,14) APID(292).png",1020x1020,0.0,460,48.47,49.35,63,367,11.07,11.78,173,359,9.74,10.43,78,0.4335,49.35,10.43,38.49,3.57,4.48,8.8,13.02,17.28
"103463.04594564438 AFC_0 Guidance TM(139,14) APID(292).png",1020x1020,0.0,395,45.61,46.36,47,433,12.69,13.52,188,348,9.45,10.12,78,0.43361,46.36,10.12,37.53,2.99,4.51,8.88,13.18,17.53
"103511.49095392227 AFC_0 Guidance TM(139,14) APID(292).png",1020x1020,0.0,483,49.98,50.91,63,406,12.11,12.89,173,358,9.77,10.46,81,0.43331,50.91,10.46,39.02,3.25,4.5,8.85,13.08,17.42
"103557.61597061157 AFC_0 Guidance TM(139,14) APID(292).png",1020x1020,0.0,492,49.69,50.63,51,426,11.79,12.61,189,342,9.12,9.78,78,0.4338,50.63,9.78,38.74,2.8,4.36,8.58,12.77,16.93
"103607.39296388626 AFC_0 Guidance TM(139,14) APID(292).png",1020x1020,0.0,469,49.83,50.73,62,394,11.61,12.37,173,358,9.55,10.24,79,0.43312,50.73,10.24,39.51,3.1,4.5,8.83,13.14,17.41
"103655.11896133423 AFC_0 Guidance TM(139,14) APID(292).png",1020x1020,0.0,506,51.5,52.47,62,398,12.32,13.08,172,360,9.91,10.6,78,0.43307,52.47,10.6,39.91,3.06,4.54,8.87,13.12,17.49
"103703.41096448898 AFC_0 Guidance TM(139,14) APID(292).png",1020x1020,0.0,414,47.43,48.23,56,414,12.15,12.95,180,359,9.87,10.56,78,0.43309,48.23,10.56,37.71,3.45,4.48,8.83,13.1,17.48
"103749.59797000885 AFC_0 Guidance TM(139,14) APID(292).png",1020x1020,0.0,451,49.41,50.28,62,388,12.18,12.93,172,361,10.28,10.98,79,0.43361,50.28,10.98,39.29,3.15,4.45,8.77,13.01,17.32
"103799.76394319534 AFC_0 Guidance TM(139,14) APID(292).png",1020x1020,0.0,287,43.68,44.23,41,396,11.85,12.61,180,374,9.77,10.49,77,0.4335,44.23,10.49,31.93,3.14,4.57,8.96,13.31,17.69
"103845.58694314957 AFC_0 Guidance TM(139,14) APID(292).png",1020x1020,0.0,459,49.69,50.57,52,393,11.4,12.16,183,367,10.05,10.75,78,0.43373,50.57,10.75,39.75,3.0,4.52,8.93,13.17,17.47
"103895.91796159744 AFC_0 Guidance TM(139,14) APID(292).png",1020x1020,0.0,451,49.22,50.08,63,412,12.42,13.21,179,357,10.17,10.86,72,0.43359,50.08,10.86,38.83,3.16,4.51,8.88,13.14,17.45
"103943.46895980835 AFC_0 Guidance TM(139,14) APID(292).png",1020x1020,0.0,431,48.28,49.11,47,412,11.42,12.21,188,377,10.16,10.88,81,0.43344,49.11,10.88,38.96,3.49,4.59,9.04,13.42,17.77
"103993.6159787178 AFC_0 Guidance TM(139,14) APID(292).png",1020x1020,0.0,538,55.06,56.09,47,453,13.05,13.92,188,405,10.88,11.66,78,0.43355,56.09,11.66,41.21,3.75,4.56,8.99,13.27,17.6
"104039.08999347687 AFC_0 Guidance TM(139,14) APID(292).png",1020x1020,0.0,409,49.95,50.74,62,456,12.71,13.58,188,382,10.26,10.99,63,0.43282,50.74,10.99,39.36,3.35,4.59,8.98,13.36,17.62
"104087.19197702408 AFC_0 Guidance TM(139,14) APID(292).png",1020x1020,0.0,334,46.55,47.19,46,412,12.53,13.32,173,385,10.27,11.01,78,0.43328,47.19,11.01,37.91,3.0,4.54,8.9,13.17,17.5
"104135.50794124603 AFC_0 Guidance TM(139,14) APID(292).png",1020x1020,0.0,475,51.88,52.79,56,431,12.94,13.77,181,387,10.44,11.18,76,0.43306,52.79,11.18,40.17,2.95,4.66,9.12,13.52,17.99
"104183.53595542908 AFC_0 Guidance TM(139,14) APID(292).png",1020x1020,0.0,433,50.15,50.98,47,432,12.86,13.69,188,384,10.82,11.56,78,0.43342,50.98,11.56,40.13,3.49,4.55,8.94,13.18,17.53
"104231.0929737091 AFC_0 Guidance TM(139,14) APID(292).png",1020x1020,0.0,303,45.88,46.46,31,478,14.95,15.87,189,401,11.43,12.2,78,0.43315,46.46,12.2,34.26,3.75,4.52,8.92,13.19,17.53
"104279.38497686386 AFC_0 Guidance TM(139,14) APID(292).png",1020x1020,0.0,500,52.73,53.69,58,447,13.25,14.1,188,386,10.37,11.11,79,0.43388,53.69,11.11,40.97,3.0,4.44,8.75,13.01,17.21
"104327.50698757172 AFC_0 Guidance TM(139,14) APID(292).png",1020x1020,0.0,456,51.39,52.27,62,422,12.04,12.85,173,387,10.38,11.12,78,0.43388,52.27,11.12,41.28,2.85,4.48,8.84,13.11,17.33
"104373.94594192505 AFC_0 Guidance TM(139,14) APID(292).png",1020x1020,0.0,404,50.35,51.13,47,404,11.76,12.54,193,379,10.78,11.51,72,0.43384,51.13,11.51,39.49,3.35,4.62,9.1,13.5,17.94
"104423.49196720123 AFC_0 Guidance TM(139,14) APID(292).png",1020x1020,0.0,418,49.45,50.26,47,516,15.24,16.23,204,382,11.06,11.79,79,0.43326,50.26,11.79,40.34,3.5,4.53,8.84,13.17,17.53
"104469.46898555756 AFC_0 Guidance TM(139,14) APID(292).png",1020x1020,0.0,437,51.04,51.89,46,463,13.18,14.07,188,379,10.59,11.32,78,0.4333,51.89,11.32,41.44,2.78,4.45,8.8,13.06,17.37
"104519.48994064331 AFC_0 Guidance TM(139,14) APID(292).png",1020x1020,0.0,278,46.05,46.58,31,395,11.38,12.14,172,382,10.98,11.71,79,0.43395,46.58,11.71,31.76,2.99,4.53,8.92,13.2,17.54
"104581.07199144363 AFC_0 Guidance TM(139,14) APID(292).png",1020x1020,0.0,423,50.27,51.08,48,432,13.99,14.82,200,398,11.27,12.03,81,0.43388,51.08,12.03,39.32,3.47,4.53,8.93,13.21,17.59
"104615.94198226929 AFC_0 Guidance TM(139,14) APID(292).png",1020x1020,0.0,446,52.51,53.37,47,454,13.81,14.69,188,387,11.78,12.52,78,0.43395,53.37,12.52,40.75,3.73,4.55,8.96,13.23,17.62
"104663.0439786911 AFC_0 Guidance TM(139,14) APID(292).png",1020x1020,0.0,266,45.04,45.55,31,507,13.67,14.65,188,443,11.22,12.08,94,0.43387,45.55,12.08,8.2,3.43,4.52,8.95,13.27,17.52
"104711.6789469719 AFC_0 Guidance TM(139,14) APID(292).png",1020x1020,0.0,422,51.25,52.06,62,450,12.11,12.98,188,449,11.25,12.12,78,0.43319,52.06,12.12,40.83,3.19,4.57,9.03,13.42,17.7
"104757.57895612717 AFC_0 Guidance TM(139,14) APID(292).png",1020x1020,0.0,547,57.01,58.06,47,423,12.43,13.24,189,417,11.75,12.55,94,0.4332,58.06,12.55,44.59,3.77,4.59,9.04,13.44,17.87
"104809.44795322418 AFC_0 Guidance TM(139,14) APID(292).png",1020x1020,0.0,444,53.62,54.47,54,447,13.54,14.4,182,435,11.64,12.48,93,0.43395,54.47,12.48,43.24,3.54,4.61,9.08,13.42,17.84
"104853.57895612717 AFC_0 Guidance TM(139,14) APID(292).png",1020x1020,0.0,471,54.52,55.42,62,445,11.72,12.58,188,457,12.25,13.13,79,0.43388,55.42,13.13,42.85,4.0,4.68,9.19,13.65,18.11
"104905.33696937561 AFC_0 Guidance TM(139,14) APID(292).png",1020x1020,0.0,464,54.99,55.88,56,454,12.15,13.02,189,427,11.43,12.25,79,0.43317,55.88,12.25,43.37,3.41,4.59,9.12,13.52,18.04
"104949.54796171188 AFC_0 Guidance TM(139,14) APID(292).png",1020x1020,0.0,471,54.6,55.51,60,420,11.09,11.89,175,430,11.72,12.55,94,0.43373,55.51,12.55,42.4,3.4,4.61,9.11,13.62,18.02
"104997.57299566269 AFC_0 Guidance TM(139,14) APID(292).png",1020x1020,0.0,447,55.4,56.26,47,488,13.95,14.89,205,429,11.61,12.44,79,0.43299,56.26,12.44,41.31,3.62,4.66,9.24,13.78,18.22
"105047.40399074554 AFC_0 Guidance TM(139,14) APID(292).png",1020x1020,0.0,320,50.26,50.87,46,480,12.89,13.81,189,459,11.88,12.76,94,0.43361,50.87,12.76,31.4,3.58,4.57,8.96,13.37,17.75
"105095.1689696312 AFC_0 Guidance TM(139,14) APID(292).png",1020x1020,0.0,387,51.39,52.13,46,475,12.36,13.27,189,452,12.0,12.87,99,0.43373,52.13,12.87,34.02,3.66,4.6,9.07,13.48,17.87
"105141.57496261597 AFC_0 Guidance TM(139,14) APID(292).png",1020x1020,0.0,380,51.88,52.61,49,447,11.52,12.37,189,459,12.26,13.15,78,0.43388,52.61,13.15,35.58,3.2,4.67,9.22,13.67,18.12
"105189.53699445724 AFC_0 Guidance TM(139,14) APID(292).png",1020x1020,0.0,550,57.63,58.69,63,527,14.77,15.78,189,463,12.0,12.89,94,0.43395,58.69,12.89,45.52,3.31,4.67,9.25,13.69,18.15
"105239.7489824295 AFC_0 Guidance TM(139,14) APID(292).png",1020x1020,0.0,566,58.15,59.23,63,531,15.13,16.15,204,478,12.54,13.46,79,0.43388,59.23,13.46,45.55,2.76,4.66,9.2,13.64,18.09
"105287.41096448898 AFC_0 Guidance TM(139,14) APID(292).png",1020x1020,0.0,398,53.83,54.59,47,487,13.97,14.9,188,459,12.33,13.21,94,0.43388,54.59,13.21,38.28,3.53,4.71,9.32,13.82,18.26
"105334.46497917175 AFC_0 Guidance TM(139,14) APID(292).png",1020x1020,0.0,520,58.46,59.46,47,519,14.62,15.61,204,466,12.58,13.48,78,0.43388,59.46,13.48,44.68,2.96,4.71,9.24,13.76,18.21
"105383.46997308731 AFC_0 Guidance TM(139,14) APID(292).png",1020x1020,0.0,445,56.17,57.02,62,483,14.37,15.3,191,447,12.39,13.25,91,0.43385,57.02,13.25,43.3,3.21,4.66,9.16,13.66,18.06
"105430.9989771843 AFC_0 Guidance TM(139,14) APID(292).png",1020x1020,0.0,501,58.31,59.27,66,428,12.14,12.96,185,439,12.42,13.26,78,0.43395,59.27,13.26,45.12,3.47,4.64,9.17,13.63,18.1
"105477.57299566269 AFC_0 Guidance TM(139,14) APID(292).png",1020x1020,0.0,428,55.9,56.73,47,459,13.26,14.14,204,462,12.44,13.33,79,0.43369,56.73,13.33,40.94,3.57,4.64,9.19,13.69,18.13
"105527.73598861694 AFC_0 Guidance TM(139,14) APID(292).png",1020x1020,0.0,393,55.63,56.38,63,445,11.52,12.37,188,496,12.69,13.65,90,0.43402,56.38,13.65,40.21,3.52,4.69,9.28,13.82,18.19
"105573.56894254684 AFC_0 Guidance TM(139,14) APID(292).png",1020x1020,0.0,476,58.51,59.42,62,469,12.55,13.46,189,492,12.64,13.58,86,0.43395,59.42,13.58,46.68,3.54,4.66,9.15,13.7,18.13
"105623.70994138718 AFC_0 Guidance TM(139,14) APID(292).png",1020x1020,0.0,357,54.12,54.8,55,485,13.62,14.55,196,466,12.78,13.67,78,0.43405,54.8,13.67,36.48,3.48,4.65,9.17,13.61,17.99
"105671.32996177673 AFC_0 Guidance TM(139,14) APID(292).png",1020x1020,0.0,468,57.52,58.42,46,505,15.24,16.21,204,485,13.02,13.96,94,0.4339,58.42,13.96,43.55,3.26,4.62,9.12,13.57,17.9
"105721.18497753143 AFC_0 Guidance TM(139,14) APID(292).png",1020x1020,0.0,529,59.35,60.37,49,419,12.4,13.21,189,429,12.43,13.25,94,0.43405,60.37,13.25,46.83,3.22,4.69,9.23,13.74,18.14
"105767.08695363998 AFC_0 Guidance TM(139,14) APID(292).png",1020x1020,0.0,458,58.7,59.58,63,486,13.67,14.61,188,490,13.83,14.77,94,0.43395,59.58,14.77,45.61,4.31,4.69,9.27,13.79,18.28
"105815.46293973923 AFC_0 Guidance TM(139,14) APID(292).png",1020x1020,0.0,266,53.61,54.12,47,485,13.91,14.84,191,472,14.63,15.54,92,0.43467,54.12,15.54,33.18,4.49,4.68,9.32,13.78,18.31
"105863.46198606491 AFC_0 Guidance TM(139,14) APID(292).png",1020x1020,0.0,413,57.02,57.82,60,479,12.78,13.7,189,496,13.16,14.12,94,0.43466,57.82,14.12,42.3,3.48,4.74,9.33,13.97,18.42
"105911.5419754982 AFC_0 Guidance TM(139,14) APID(292).png",1020x1020,0.0,465,57.88,58.78,47,428,11.53,12.35,188,524,13.58,14.59,109,0.43459,58.78,14.59,42.85,3.38,4.72,9.36,14.01,18.5
"105959.07097959518 AFC_0 Guidance TM(139,14) APID(292).png",1020x1020,0.0,437,57.81,58.65,47,489,13.76,14.7,204,492,13.15,14.09,79,0.43447,58.65,14.09,43.96,2.79,4.7,9.28,13.83,18.28
"106007.31798124313 AFC_0 Guidance TM(139,14) APID(292).png",1020x1020,0.0,408,57.55,58.33,44,492,13.8,14.75,204,500,13.77,14.73,78,0.43482,58.33,14.73,42.22,3.8,4.7,9.27,13.8,18.25
"106053.54396820068 AFC_0 Guidance TM(139,14) APID(292).png",1020x1020,0.0,459,58.89,59.78,63,491,13.97,14.91,189,518,15.39,16.39,94,0.43479,59.78,16.39,44.19,4.17,4.73,9.32,13.87,18.28
"106103.43099164963 AFC_0 Guidance TM(139,14) APID(292).png",1020x1020,0.0,393,58.03,58.79,46,481,12.51,13.44,205,510,13.76,14.74,78,0.43552,58.79,14.74,41.25,3.24,4.67,9.28,13.85,18.27
"106151.16199588776 AFC_0 Guidance TM(139,14) APID(292).png",1020x1020,0.0,351,56.43,57.1,47,531,14.73,15.75,204,538,14.93,15.97,94,0.43493,57.1,15.97,39.55,3.59,4.71,9.31,13.84,18.29
"106199.20294427872 AFC_0 Guidance TM(139,14) APID(292).png",1020x1020,0.0,464,59.13,60.02,47,498,13.12,14.08,204,537,14.84,15.87,94,0.43542,60.02,15.87,44.57,3.62,4.76,9.46,14.04,18.5
"106247.49095392227 AFC_0 Guidance TM(139,14) APID(292).png",1020x1020,0.0,316,54.56,55.17,31,459,12.29,13.17,188,510,14.15,15.13,94,0.43508,55.17,15.13,31.29,3.58,4.74,9.34,13.92,18.36
"106295.26797294617 AFC_0 Guidance TM(139,14) APID(292).png",1020x1020,0.0,353,57.25,57.92,47,470,12.9,13.8,173,512,14.52,15.5,94,0.43579,57.92,15.5,37.6,3.54,4.66,9.24,13.68,18.12
"106341.46695899963 AFC_0 Guidance TM(139,14) APID(292).png",1020x1020,0.0,408,57.52,58.31,66,477,12.98,13.9,185,510,15.43,16.41,126,0.43495,58.31,16.41,36.24,4.04,4.71,9.41,13.87,18.26
"106389.45694541931 AFC_0 Guidance TM(139,14) APID(292).png",1020x1020,0.0,454,59.68,60.55,53,503,14.46,15.43,200,551,16.07,17.13,93,0.4363,60.55,17.13,41.08,4.23,4.81,9.55,14.16,18.72
"106437.46099853516 AFC_0 Guidance TM(139,14) APID(292).png",1020x1020,0.0,420,61.27,62.08,45,448,11.54,12.4,205,593,16.6,17.74,94,0.43682,62.08,17.74,43.01,4.56,4.78,9.5,14.1,18.68
"106485.50695371628 AFC_0 Guidance TM(139,14) APID(292).png",1020x1020,0.0,409,61.34,62.13,47,474,12.64,13.55,204,578,17.87,18.98,94,0.43652,62.13,18.98,38.31,4.76,4.91,9.71,14.38,19.01
"106534.02998447418 AFC_0 Guidance TM(139,14) APID(292).png",1020x1020,0.0,336,61.26,61.91,29,560,15.34,16.41,204,644,18.37,19.6,115,0.43745,61.91,19.6,28.87,5.37,4.95,9.81,14.59,19.33
"106581.59999656677 AFC_0 Guidance TM(139,14) APID(292).png",1020x1020,0.0,444,67.14,68.0,44,560,17.47,18.54,205,616,18.98,20.16,95,0.437,68.0,20.16,46.77,5.59,4.95,9.78,14.63,19.34
"106629.455991745 AFC_0 Guidance TM(139,14) APID(292).png",1020x1020,0.0,386,66.45,67.19,54,707,19.21,20.57,214,649,19.32,20.57,109,0.43731,67.19,20.57,41.81,6.25,4.93,9.75,14.52,19.24
"106677.46099853516 AFC_0 Guidance TM(139,14) APID(292).png",1020x1020,0.0,425,69.52,70.34,44,605,16.5,17.66,219,621,19.79,20.99,94,0.43775,70.34,20.99,51.0,6.07,4.98,9.9,14.75,19.46
"106726.00399684906 AFC_0 Guidance TM(139,14) APID(292).png",1020x1020,0.0,407,70.46,71.25,51,626,18.96,20.17,212,608,19.46,20.63,94,0.43804,71.25,20.63,51.54,5.71,5.02,9.93,14.81,19.55
"106773.63194465637 AFC_0 Guidance TM(139,14) APID(292).png",1020x1020,0.0,302,68.82,69.4,31,553,15.61,16.68,203,603,18.95,20.11,94,0.43804,69.4,20.11,42.71,5.83,5.03,9.96,14.77,19.51
"106825.2429728508 AFC_0 Guidance TM(139,14) APID(292).png",1020x1020,0.0,341,71.5,72.16,46,614,17.04,18.22,227,642,19.76,21.0,103,0.43815,72.16,21.0,50.96,5.6,5.09,10.12,15.02,19.81
"106870.09596681595 AFC_0 Guidance TM(139,14) APID(292).png",1020x1020,0.0,312,72.3,72.9,47,657,20.58,21.84,204,633,19.96,21.18,109,0.43831,72.9,21.18,49.66,6.39,5.05,9.97,14.83,19.64
"106919.73598861694 AFC_0 Guidance TM(139,14) APID(292).png",1020x1020,0.0,353,74.13,74.81,47,675,19.38,20.67,205,603,20.57,21.73,111,0.43746,74.81,21.73,54.91,6.5,5.02,9.97,14.71,19.52
"106967.31696796417 AFC_0 Guidance TM(139,14) APID(292).png",1020x1020,0.0,305,72.66,73.25,31,686,20.32,21.64,220,676,21.11,22.41,110,0.43896,73.25,22.41,45.91,7.42,5.08,10.08,14.95,19.85
"107017.23397254944 AFC_0 Guidance TM(139,14) APID(292).png",1020x1020,0.0,262,72.39,72.89,15,723,20.48,21.87,220,636,21.65,22.87,109,0.43872,72.89,22.87,36.89,7.02,5.12,10.09,15.02,19.78
"107063.10298728943 AFC_0 Guidance TM(139,14) APID(292).png",1020x1020,0.0,295,73.33,73.9,31,644,18.62,19.85,205,623,21.54,22.73,110,0.43894,73.9,22.73,39.19,7.14,5.14,10.17,15.05,19.95
"107111.76298952103 AFC_0 Guidance TM(139,14) APID(292).png",1020x1020,0.0,314,73.88,74.49,30,697,20.36,21.7,235,686,22.1,23.42,110,0.44027,74.49,23.42,38.91,7.28,5.12,10.1,15.02,19.81
"107159.3799700737 AFC_0 Guidance TM(139,14) APID(292).png",1020x1020,0.0,326,76.24,76.86,44,752,23.07,24.52,220,634,22.52,23.74,94,0.43944,76.86,23.74,52.06,7.25,5.18,10.19,15.15,19.98
"107207.27995347977 AFC_0 Guidance TM(139,14) APID(292).png",1020x1020,0.0,327,76.65,77.28,53,710,21.95,23.32,213,603,22.96,24.12,110,0.44063,77.28,24.12,55.7,7.53,5.25,10.34,15.39,20.26
"107253.61996412277 AFC_0 Guidance TM(139,14) APID(292).png",1020x1020,0.0,278,74.85,75.39,31,688,21.72,23.04,226,660,23.49,24.76,104,0.44257,75.39,24.76,38.78,7.97,5.28,10.37,15.33,20.28
"107303.38998365402 AFC_0 Guidance TM(139,14) APID(292).png",1020x1020,0.0,273,76.82,77.34,31,699,21.72,23.06,220,618,23.17,24.36,94,0.44156,77.34,24.36,50.45,8.15,5.18,10.13,15.11,19.86
"107350.13494825363 AFC_0 Guidance TM(139,14) APID(292).png",1020x1020,0.0,329,78.1,78.74,47,718,23.06,24.44,220,627,23.02,24.22,106,0.44173,78.74,24.22,54.84,7.98,5.22,10.25,15.15,20.02
"107397.46099853516 AFC_0 Guidance TM(139,14) APID(292).png",1020x1020,0.0,285,77.11,77.66,31,648,18.28,19.53,216,663,23.07,24.35,103,0.44233,77.66,24.35,46.24,7.34,5.2,10.25,15.27,20.1
"107445.58199596405 AFC_0 Guidance TM(139,14) APID(292).png",1020x1020,0.0,286,78.74,79.29,33,783,26.77,28.27,220,632,23.29,24.51,93,0.4419,79.29,24.51,54.25,8.03,5.23,10.29,15.31,20.19
"107493.55898857117 AFC_0 Guidance TM(139,14) APID(292).png",1020x1020,0.0,306,79.81,80.39,33,668,20.79,22.07,219,590,22.99,24.12,94,0.4421,80.39,24.12,55.3,7.96,5.24,10.34,15.27,20.14
"107541.77398252487 AFC_0 Guidance TM(139,14) APID(292).png",1020x1020,0.0,306,80.12,80.71,31,659,19.34,20.6,219,654,22.88,24.14,95,0.44181,80.71,24.14,49.96,7.07,5.25,10.38,15.45,20.28
"107589.45694541931 AFC_0 Guidance TM(139,14) APID(292).png",1020x1020,0.0,329,80.22,80.85,30,740,23.34,24.76,220,636,23.13,24.35,94,0.44233,80.85,24.35,39.67,7.2,5.26,10.45,15.46,20.41
"107637.96799564362 AFC_0 Guidance TM(139,14) APID(292).png",1020x1020,0.0,339,81.37,82.02,31,705,23.93,25.29,205,609,22.91,24.08,105,0.44114,82.02,24.08,40.47,7.65,5.33,10.52,15.62,20.56
"107685.60297679901 AFC_0 Guidance TM(139,14) APID(292).png",1020x1020,0.0,325,83.75,84.38,28,761,25.74,27.21,220,645,22.67,23.91,110,0.44149,84.38,23.91,52.85,7.24,5.32,10.5,15.63,20.54
"107735.7729434967 AFC_0 Guidance TM(139,14) APID(292).png",1020x1020,0.0,320,84.62,85.24,37,728,26.64,28.04,214,630,23.14,24.35,109,0.44085,85.24,24.35,49.44,7.47,5.34,10.59,15.68,20.64
"107781.64899158478 AFC_0 Guidance TM(139,14) APID(292).png",1020x1020,0.0,314,85.92,86.53,31,736,25.52,26.94,220,612,22.71,23.89,94,0.44119,86.53,23.89,58.66,7.14,5.36,10.57,15.63,20.67
"107833.2309923172 AFC_0 Guidance TM(139,14) APID(292).png",1020x1020,0.0,291,86.34,86.9,31,647,22.74,23.98,205,596,22.7,23.84,110,0.4416,86.9,23.84,44.81,6.93,5.35,10.59,15.72,20.75
"107879.22398471832 AFC_0 Guidance TM(139,14) APID(292).png",1020x1020,0.0,324,85.94,86.56,20,639,22.44,23.66,220,601,23.13,24.28,94,0.44101,86.56,24.28,40.73,7.38,5.37,10.61,15.68,20.76
"107927.6709599495 AFC_0 Guidance TM(139,14) APID(292).png",1020x1020,0.0,335,86.67,87.32,31,683,23.72,25.04,204,567,22.2,23.29,94,0.44177,87.32,23.29,39.74,6.18,5.34,10.49,15.66,20.63
"110672.72398710251 AFC_0 Guidance TM(139,14) APID(292).png",1020x1020,0.0,306,79.17,79.76,31,557,17.31,18.39,205,781,24.24,25.74,126,0.46079,79.76,25.74,47.42,3.38,5.47,10.75,16.06,21.32
"110720.74395465851 AFC_0 Guidance TM(139,14) APID(292).png",1020x1020,0.0,276,78.33,78.86,31,679,22.69,23.99,221,869,30.89,32.56,126,0.45949,78.86,32.56,46.29,6.04,5.46,10.88,16.12,21.28
"110768.77894258499 AFC_0 Guidance TM(139,14) APID(292).png",1020x1020,0.0,306,77.79,78.37,34,700,20.65,22.0,218,749,25.41,26.85,126,0.45778,78.37,26.85,44.88,3.9,5.43,10.78,16.06,21.25
"110816.75599479675 AFC_0 Guidance TM(139,14) APID(292).png",1020x1020,0.0,294,75.21,75.78,38,658,21.45,22.72,215,719,24.96,26.34,108,0.45554,75.78,26.34,42.6,4.55,5.44,10.72,16.01,21.18
"110864.61294364929 AFC_0 Guidance TM(139,14) APID(292).png",1020x1020,0.0,383,76.0,76.74,46,687,23.11,24.43,220,663,20.68,21.95,111,0.45349,76.74,21.95,44.02,2.83,5.42,10.68,15.94,21.15
"110912.69197940826 AFC_0 Guidance TM(139,14) APID(292).png",1020x1020,0.0,310,76.82,77.41,31,567,18.12,19.21,204,616,21.72,22.9,110,0.45177,77.41,22.9,45.12,4.26,5.35,10.53,15.7,20.8
"110960.77095556259 AFC_0 Guidance TM(139,14) APID(292).png",1020x1020,0.0,393,74.6,75.36,31,584,17.74,18.87,219,549,19.2,20.25,110,0.45117,75.36,20.25,43.24,2.88,5.34,10.46,15.64,20.61
"111008.7029466629 AFC_0 Guidance TM(139,14) APID(292).png",1020x1020,0.0,437,69.02,69.86,31,582,17.84,18.96,220,469,14.82,15.73,79,0.45026,69.86,15.73,35.2,1.71,5.29,10.41,15.42,20.49
"111056.79497623444 AFC_0 Guidance TM(139,14) APID(292).png",1020x1020,0.0,503,66.82,67.79,46,558,18.62,19.69,204,551,18.99,20.05,94,0.4498,67.79,20.05,31.13,4.82,5.3,10.5,15.54,20.63
"111105.05896520615 AFC_0 Guidance TM(139,14) APID(292).png",1020x1020,0.0,398,73.07,73.83,36,655,21.76,23.02,231,591,21.3,22.44,94,0.4504,73.83,22.44,43.29,6.6,5.3,10.45,15.51,20.5
"111153.37194919586 AFC_0 Guidance TM(139,14) APID(292).png",1020x1020,0.0,428,74.6,75.42,43,621,21.58,22.77,220,610,22.91,24.08,110,0.4513,75.42,24.08,46.31,6.8,5.32,10.43,15.46,20.52
"111201.12494754791 AFC_0 Guidance TM(139,14) APID(292).png",1020x1020,0.0,427,73.13,73.96,47,669,20.9,22.19,220,602,20.47,21.63,110,0.45144,73.96,21.63,46.43,6.07,5.26,10.39,15.3,20.35
"111249.72999429703 AFC_0 Guidance TM(139,14) APID(292).png",1020x1020,0.0,435,71.72,72.56,46,655,20.19,21.45,236,610,22.33,23.5,110,0.45141,72.56,23.5,44.4,6.54,5.3,10.4,15.44,20.36
"111297.34095478058 AFC_0 Guidance TM(139,14) APID(292).png",1020x1020,0.0,392,67.58,68.34,47,561,17.34,18.42,207,567,21.45,22.54,92,0.45216,68.34,22.54,41.96,5.6,5.32,10.41,15.48,20.43
"111345.60297679901 AFC_0 Guidance TM(139,14) APID(292).png",1020x1020,0.0,470,76.68,77.58,46,525,16.21,17.22,204,540,17.08,18.12,106,0.45132,77.58,18.12,50.62,3.29,5.22,10.3,15.31,20.27
"111393.12095403671 AFC_0 Guidance TM(139,14) APID(292).png",1020x1020,0.0,462,68.25,69.14,46,540,16.47,17.51,204,550,18.69,19.74,104,0.45169,69.14,19.74,42.33,4.57,5.27,10.29,15.3,20.18
"111441.5579752922 AFC_0 Guidance TM(139,14) APID(292).png",1020x1020,0.0,468,68.46,69.36,63,524,15.16,16.16,204,522,17.54,18.54,97,0.45136,69.36,18.54,45.63,3.8,5.18,10.26,15.23,20.14
"111489.34399461746 AFC_0 Guidance TM(139,14) APID(292).png",1020x1020,0.0,474,66.19,67.1,47,594,18.99,20.13,204,555,18.38,19.45,94,0.45194,67.1,19.45,43.93,3.82,5.23,10.29,15.29,20.18
"111537.87799263 AFC_0 Guidance TM(139,14) APID(292).png",1020x1020,0.0,470,63.16,64.06,47,666,19.78,21.06,220,601,18.73,19.88,110,0.45233,64.06,19.88,42.35,3.58,5.26,10.33,15.31,20.29
"111585.14694166183 AFC_0 Guidance TM(139,14) APID(292).png",1020x1020,0.0,489,69.08,70.02,46,500,13.34,14.3,205,513,14.95,15.93,94,0.45225,70.02,15.93,47.84,2.59,5.14,10.16,15.06,19.92
"111633.50594043732 AFC_0 Guidance TM(139,14) APID(292).png",1020x1020,0.0,685,77.85,79.17,67,420,20.17,20.97,217,496,16.37,17.33,92,0.45814,79.17,17.33,36.85,4.37,5.4,10.67,15.92,21.01
"111681.29493999481 AFC_0 Guidance TM(139,14) APID(292).png",1020x1020,0.0,978,74.19,76.07,90,168,5.49,5.82,156,127,3.0,3.25,47,0.44678,76.07,3.25,2.35,0.85,5.4,10.79,16.1,21.41
"111731.17898321152 AFC_0 Guidance TM(139,14) APID(292).png",1020x1020,0.0,271,96.39,96.91,14,299,8.08,8.66,189,676,15.04,16.34,125,0.44194,96.91,16.34,42.25,0.8,5.5,10.9,16.27,21.55
"111777.04597139359 AFC_0 Guidance TM(139,14) APID(292).png",1020x1020,0.0,605,85.49,86.66,62,295,8.35,8.91,173,743,18.13,19.56,143,0.44189,86.66,19.56,16.3,0.95,5.49,10.93,16.27,21.57
"111827.50299406052 AFC_0 Guidance TM(139,14) APID(292).png",1020x1020,0.0,304,95.75,96.34,31,298,7.4,7.98,173,695,15.47,16.81,142,0.44146,96.34,16.81,40.22,0.97,5.48,10.91,16.3,21.64
"111873.0799460411 AFC_0 Guidance TM(139,14) APID(292).png",1020x1020,0.0,363,90.55,91.24,31,272,6.63,7.15,172,475,11.0,11.92,110,0.44094,91.24,11.92,24.2,0.62,5.48,10.84,16.23,21.5
"111923.24794578552 AFC_0 Guidance TM(139,14) APID(292).png",1020x1020,0.0,401,94.92,95.69,31,279,6.99,7.53,173,487,10.46,11.4,109,0.44118,95.69,11.4,41.83,0.8,5.48,10.89,16.25,21.5
"111969.08197259903 AFC_0 Guidance TM(139,14) APID(292).png",1020x1020,0.0,354,94.45,95.13,34,201,5.59,5.98,170,399,8.97,9.74,94,0.44117,95.13,9.74,28.93,0.91,5.46,10.87,16.22,21.54
"112017.12995433807 AFC_0 Guidance TM(139,14) APID(292).png",1020x1020,0.0,212,97.07,97.47,23,255,6.73,7.22,180,926,25.9,27.68,157,0.44078,97.47,27.68,40.87,3.41,5.45,10.82,16.19,21.46
"112065.12196731567 AFC_0 Guidance TM(139,14) APID(292).png",1020x1020,0.0,366,94.69,95.39,31,267,7.16,7.67,188,485,11.35,12.28,110,0.44086,95.39,12.28,29.04,0.96,5.4,10.82,16.11,21.39
"112113.06498527527 AFC_0 Guidance TM(139,14) APID(292).png",1020x1020,0.0,356,95.71,96.39,31,214,5.81,6.22,173,301,6.81,7.39,78,0.44125,96.39,7.39,50.56,0.89,5.42,10.84,16.16,21.46
"112161.24797153473 AFC_0 Guidance TM(139,14) APID(292).png",1020x1020,0.0,265,96.97,97.48,30,229,6.12,6.56,158,573,13.07,14.17,126,0.44103,97.48,14.17,56.44,1.26,5.48,10.89,16.23,21.51
"112209.11499357224 AFC_0 Guidance TM(139,14) APID(292).png",1020x1020,0.0,181,98.3,98.65,15,285,7.45,7.99,173,362,8.54,9.24,97,0.44071,98.65,9.24,60.31,1.0,5.47,10.83,16.25,21.53
"112257.49497318268 AFC_0 Guidance TM(139,14) APID(292).png",1020x1020,0.0,220,95.99,96.41,15,298,7.6,8.17,189,327,7.49,8.12,85,0.43968,96.41,8.12,22.62,0.81,5.46,10.85,16.17,21.46
"112305.18997621536 AFC_0 Guidance TM(139,14) APID(292).png",1020x1020,0.0,129,99.31,99.56,6,304,7.29,7.88,188,337,7.32,7.97,94,0.43876,99.56,7.97,64.7,0.93,5.47,10.9,16.23,21.55
"112355.24794578552 AFC_0 Guidance TM(139,14) APID(292).png",1020x1020,0.0,261,96.96,97.46,19,310,7.81,8.4,181,183,4.15,4.5,70,0.43785,97.46,4.5,32.12,0.77,5.42,10.8,16.15,21.47
"112401.06194543839 AFC_0 Guidance TM(139,14) APID(292).png",1020x1020,0.0,95,99.74,99.92,0,316,8.32,8.93,188,248,5.18,5.65,62,0.4369,99.92,5.65,66.87,0.89,5.47,10.81,16.13,21.48
"112449.17394256592 AFC_0 Guidance TM(139,14) APID(292).png",1020x1020,0.0,97,99.67,99.85,0,367,9.27,9.98,188,240,5.41,5.87,78,0.43666,99.85,5.87,52.03,1.04,5.45,10.86,16.18,21.55
"112497.16696882248 AFC_0 Guidance TM(139,14) APID(292).png",1020x1020,0.0,64,100.0,100.12,0,303,7.57,8.15,188,206,4.72,5.12,63,0.4371,100.12,5.12,71.85,1.25,5.4,10.83,16.15,21.45
"112545.03595781326 AFC_0 Guidance TM(139,14) APID(292).png",1020x1020,0.0,74,99.97,100.11,0,357,9.16,9.85,195,191,4.14,4.51,71,0.43729,100.11,4.51,64.0,1.01,5.39,10.71,16.06,21.39
"112595.23697853088 AFC_0 Guidance TM(139,14) APID(292).png",1020x1020,0.0,64,100.0,100.12,0,450,11.24,12.1,212,433,9.87,10.7,102,0.43857,100.12,10.7,79.21,2.34,5.42,10.83,16.2,21.47
"112641.14294815063 AFC_0 Guidance TM(139,14) APID(292).png",1020x1020,0.0,64,100.0,100.12,0,413,11.24,12.03,205,484,11.67,12.6,110,0.43938,100.12,12.6,72.87,2.48,5.41,10.79,16.12,21.45
"112689.06295871735 AFC_0 Guidance TM(139,14) APID(292).png",1020x1020,0.0,64,100.0,100.12,0,392,11.22,11.98,204,393,10.24,11.0,96,0.44051,100.12,11.0,79.21,2.2,5.44,10.75,16.06,21.39
"112737.11898708344 AFC_0 Guidance TM(139,14) APID(292).png",1020x1020,0.0,64,100.0,100.12,0,394,10.19,10.94,189,334,7.85,8.49,79,0.44148,100.12,8.49,78.06,1.42,5.37,10.76,16.05,21.29
"112785.15796852112 AFC_0 Guidance TM(139,14) APID(292).png",1020x1020,0.0,69,99.92,100.05,0,488,12.28,13.21,204,373,8.58,9.3,94,0.44245,100.05,9.3,75.9,1.67,5.41,10.82,16.15,21.42
"112833.51494073868 AFC_0 Guidance TM(139,14) APID(292).png",1020x1020,0.0,75,99.99,100.13,0,417,11.68,12.48,221,298,6.45,7.02,78,0.44321,100.13,7.02,79.55,1.31,5.45,10.87,16.19,21.45
"112881.09597969055 AFC_0 Guidance TM(139,14) APID(292).png",1020x1020,0.0,114,99.74,99.96,2,411,11.11,11.9,200,431,10.44,11.26,101,0.44357,99.96,11.26,45.22,2.42,5.44,10.8,16.13,21.39
"112929.47697257996 AFC_0 Guidance TM(139,14) APID(292).png",1020x1020,0.0,651,87.82,89.07,62,435,12.39,13.22,204,441,10.59,11.44,94,0.44369,89.07,11.44,2.29,2.09,5.47,10.8,16.1,21.5
"112977.1439614296 AFC_0 Guidance TM(139,14) APID(292).png",1020x1020,0.0,169,98.78,99.11,16,393,11.71,12.46,204,540,13.52,14.56,109,0.4442,99.11,14.56,25.33,2.56,5.45,10.78,16.17,21.41
"113025.53395462036 AFC_0 Guidance TM(139,14) APID(292).png",1020x1020,0.0,178,98.95,99.29,15,383,10.01,10.74,189,422,10.37,11.18,94,0.44498,99.29,11.18,58.76,1.85,5.43,10.77,16.13,21.51
"113073.11398029327 AFC_0 Guidance TM(139,14) APID(292).png",1020x1020,0.0,64,100.0,100.12,0,397,11.22,11.99,185,563,12.89,13.97,115,0.44544,100.12,13.97,87.34,1.88,5.47,10.82,16.24,21.48
"113121.8649392128 AFC_0 Guidance TM(139,14) APID(292).png",1020x1020,0.0,74,99.97,100.11,11,327,9.56,10.19,189,341,8.14,8.79,85,0.44503,100.11,8.79,82.61,1.07,5.43,10.82,16.18,21.48
"113169.05199146271 AFC_0 Guidance TM(139,14) APID(292).png",1020x1020,0.0,188,98.15,98.51,15,363,9.65,10.34,189,425,10.02,10.84,110,0.44515,98.51,10.84,22.15,1.6,5.46,10.82,16.2,21.61
"113219.40095090866 AFC_0 Guidance TM(139,14) APID(292).png",1020x1020,0.0,86,99.97,100.14,0,431,12.06,12.88,204,388,9.11,9.85,94,0.44613,100.14,9.85,61.72,1.06,5.47,10.8,16.16,21.49
"113265.82095098495 AFC_0 Guidance TM(139,14) APID(292).png",1020x1020,0.0,64,100.0,100.12,0,307,8.48,9.07,189,334,7.7,8.34,95,0.44718,100.12,8.34,48.26,0.95,5.45,10.8,16.19,21.55
"113313.17096233368 AFC_0 Guidance TM(139,14) APID(292).png",1020x1020,0.0,94,99.94,100.13,0,328,8.87,9.5,188,411,9.27,10.06,109,0.44806,100.13,10.06,48.34,1.01,5.42,10.85,16.23,21.58
"113361.09198617935 AFC_0 Guidance TM(139,14) APID(292).png",1020x1020,0.0,254,97.49,97.98,20,268,7.7,8.21,168,422,9.87,10.68,110,0.44872,97.98,10.68,33.31,0.85,5.5,10.83,16.2,21.56
"113409.21197032928 AFC_0 Guidance TM(139,14) APID(292).png",1020x1020,0.0,209,98.52,98.92,15,271,6.98,7.5,175,408,9.22,10.0,100,0.44917,98.92,10.0,46.37,0.78,5.48,10.86,16.13,21.48
"113457.06498527527 AFC_0 Guidance TM(139,14) APID(292).png",1020x1020,0.0,655,88.22,89.48,46,323,7.78,8.4,189,535,12.07,13.1,127,0.44928,89.48,13.1,9.16,1.02,5.46,10.9,16.23,21.54
"113505.09597969055 AFC_0 Guidance TM(139,14) APID(292).png",1020x1020,0.0,456,93.2,94.08,31,320,8.64,9.25,188,544,13.04,14.08,126,0.44924,94.08,14.08,30.9,0.6,5.48,10.85,16.16,21.44
"113553.55898857117 AFC_0 Guidance TM(139,14) APID(292).png",1020x1020,0.0,244,98.84,99.31,20,317,8.39,9.0,179,488,12.44,13.38,103,0.44868,99.31,13.38,50.48,0.79,5.49,10.8,16.1,21.36
"113601.11696052551 AFC_0 Guidance TM(139,14) APID(292).png",1020x1020,0.0,275,95.67,96.2,31,359,8.5,9.19,189,477,12.07,12.99,109,0.44804,96.2,12.99,47.02,0.67,5.47,10.79,16.08,21.31
"113649.54098796844 AFC_0 Guidance TM(139,14) APID(292).png",1020x1020,0.0,360,92.17,92.86,31,277,7.29,7.83,173,472,12.36,13.27,109,0.44754,92.86,13.27,26.09,0.89,5.45,10.77,16.02,21.25
"113697.14294815063 AFC_0 Guidance TM(139,14) APID(292).png",1020x1020,0.0,286,95.13,95.68,31,328,8.98,9.61,188,667,16.0,17.28,126,0.4478,95.68,17.28,32.17,0.64,5.48,10.84,16.18,21.48
"113745.16994905472 AFC_0 Guidance TM(139,14) APID(292).png",1020x1020,0.0,311,95.75,96.35,31,276,6.84,7.37,172,469,10.84,11.74,113,0.44837,96.35,11.74,35.67,1.05,5.48,10.85,16.15,21.47
"113793.11994075775 AFC_0 Guidance TM(139,14) APID(292).png",1020x1020,0.0,101,99.71,99.9,2,295,7.53,8.1,174,497,12.87,13.83,117,0.44845,99.9,13.83,58.1,1.23,5.44,10.78,16.07,21.41
"113841.08596611023 AFC_0 Guidance TM(139,14) APID(292).png",1020x1020,0.0,273,97.18,97.7,16,302,8.01,8.59,188,419,11.21,12.02,99,0.44852,97.7,12.02,24.42,0.82,5.44,10.77,16.11,21.37
"113890.0719461441 AFC_0 Guidance TM(139,14) APID(292).png",1020x1020,0.0,202,98.15,98.53,15,365,9.3,10.0,189,438,11.0,11.85,110,0.44987,98.53,11.85,34.78,0.94,5.48,10.78,16.11,21.43
"113937.05598497391 AFC_0 Guidance TM(139,14) APID(292).png",1020x1020,0.0,217,98.42,98.84,15,360,9.73,10.42,189,923,22.75,24.53,157,0.45,98.84,24.53,45.71,1.36,5.5,10.88,16.29,21.6
"113985.12697410583 AFC_0 Guidance TM(139,14) APID(292).png",1020x1020,0.0,64,100.0,100.12,0,326,7.76,8.39,204,423,9.3,10.11,94,0.45051,100.12,10.11,72.85,0.76,5.45,10.85,16.15,21.44
"114032.95596837997 AFC_0 Guidance TM(139,14) APID(292).png",1020x1020,0.0,148,99.4,99.69,18,302,7.13,7.71,171,358,8.44,9.13,94,0.45073,99.69,9.13,44.48,0.75,5.45,10.8,16.12,21.45
"114080.88599252701 AFC_0 Guidance TM(139,14) APID(292).png",1020x1020,0.0,267,96.91,97.43,34,283,7.79,8.34,170,407,9.66,10.44,109,0.451,97.43,10.44,20.5,0.82,5.43,10.8,16.18,21.44
"114128.95596837997 AFC_0 Guidance TM(139,14) APID(292).png",1020x1020,0.0,219,98.02,98.44,24,243,6.17,6.64,164,636,14.81,16.03,141,0.4525,98.44,16.03,23.33,0.97,5.45,10.83,16.23,21.54
"114176.87597894669 AFC_0 Guidance TM(139,14) APID(292).png",1020x1020,0.0,271,98.37,98.89,15,403,10.12,10.89,205,496,12.37,13.33,110,0.45319,98.89,13.33,30.33,0.76,5.47,10.8,16.11,21.48
"114224.8529715538 AFC_0 Guidance TM(139,14) APID(292).png",1020x1020,0.0,671,91.6,92.89,47,332,9.44,10.08,188,581,14.56,15.68,125,0.45383,92.89,15.68,17.19,0.77,5.46,10.84,16.16,21.45
"114272.88497924805 AFC_0 Guidance TM(139,14) APID(292).png",1020x1020,0.0,325,97.7,98.33,31,366,9.54,10.24,205,1062,29.95,31.99,161,0.45481,98.33,31.99,23.88,2.7,5.51,10.91,16.28,21.58
"114320.99494981766 AFC_0 Guidance TM(139,14) APID(292).png",1020x1020,0.0,499,93.33,94.29,37,314,8.55,9.16,188,645,15.92,17.16,125,0.45532,94.29,17.16,20.13,1.39,5.46,10.83,16.16,21.5
"114368.99894332886 AFC_0 Guidance TM(139,14) APID(292).png",1020x1020,0.0,443,95.35,96.2,31,248,7.22,7.7,172,531,12.42,13.44,125,0.45637,96.2,13.44,25.05,0.98,5.44,10.85,16.2,21.54
"114416.94494152069 AFC_0 Guidance TM(139,14) APID(292).png",1020x1020,0.0,504,93.77,94.74,47,272,7.06,7.58,188,583,13.91,15.03,126,0.45663,94.74,15.03,27.93,0.91,5.45,10.82,16.21,21.48
"114464.88694620132 AFC_0 Guidance TM(139,14) APID(292).png",1020x1020,0.0,64,100.0,100.12,0,306,8.55,9.14,189,611,14.45,15.62,110,0.45678,100.12,15.62,56.17,0.94,5.48,10.9,16.2,21.49
"114512.94297456741 AFC_0 Guidance TM(139,14) APID(292).png",1020x1020,0.0,325,96.83,97.46,37,374,9.22,9.94,183,730,19.07,20.48,142,0.45732,97.46,20.48,24.37,1.64,5.47,10.85,16.21,21.41
"114560.87997245789 AFC_0 Guidance TM(139,14) APID(292).png",1020x1020,0.0,101,99.9,100.1,15,298,7.65,8.23,173,472,11.74,12.64,109,0.45822,100.1,12.64,55.61,1.38,5.42,10.8,16.09,21.24
"114608.88396596909 AFC_0 Guidance TM(139,14) APID(292).png",1020x1020,0.0,133,99.7,99.95,0,286,7.65,8.2,185,247,5.65,6.12,79,0.4574,99.95,6.12,44.24,0.94,5.41,10.74,16.02,21.2
"114656.90095329285 AFC_0 Guidance TM(139,14) APID(292).png",1020x1020,0.0,241,96.84,97.31,16,361,9.43,10.12,197,430,11.09,11.91,91,0.45808,97.31,11.91,16.54,1.66,5.39,10.77,16.02,21.21
"114704.89093971252 AFC_0 Guidance TM(139,14) APID(292).png",1020x1020,0.0,96,99.57,99.76,0,358,10.05,10.74,189,541,14.37,15.41,109,0.45887,99.76,15.41,53.98,2.03,5.42,10.78,16.07,21.29
"114752.87699222565 AFC_0 Guidance TM(139,14) APID(292).png",1020x1020,0.0,118,99.6,99.83,15,436,11.68,12.52,188,343,7.83,8.49,94,0.45864,99.83,8.49,45.09,1.11,5.41,10.83,16.08,21.3
"114800.88396596909 AFC_0 Guidance TM(139,14) APID(292).png",1020x1020,0.0,85,99.81,99.97,14,349,10.12,10.79,187,182,3.82,4.17,63,0.45977,99.97,4.17,61.67,0.33,5.4,10.71,15.95,21.13
"114848.87997245789 AFC_0 Guidance TM(139,14) APID(292).png",1020x1020,0.0,118,99.76,99.99,0,431,11.96,12.79,204,400,10.16,10.93,94,0.4602,99.99,10.93,49.12,2.53,5.4,10.76,16.08,21.35
"114896.89594650269 AFC_0 Guidance TM(139,14) APID(292).png",1020x1020,0.0,160,98.95,99.26,15,385,10.56,11.3,188,212,4.18,4.59,79,0.46102,99.26,4.59,38.73,0.37,5.48,10.82,16.14,21.36
"114944.88599252701 AFC_0 Guidance TM(139,14) APID(292).png",1020x1020,0.0,245,97.54,98.01,31,408,11.68,12.47,188,280,6.28,6.82,79,0.46156,98.01,6.82,26.67,0.78,5.42,10.74,16.01,21.3
"115005.39396762848 AFC_0 Guidance TM(139,14) APID(292).png",1020x1020,0.0,274,98.39,98.92,31,370,11.25,11.96,188,447,12.04,12.9,94,0.46119,98.92,12.9,24.28,2.09,5.37,10.69,15.95,21.2
"115040.88295269012 AFC_0 Guidance TM(139,14) APID(292).png",1020x1020,0.0,134,99.49,99.75,8,374,10.28,11.0,192,361,9.04,9.73,75,0.4606,99.75,9.73,45.86,1.43,5.43,10.75,15.93,21.17
"115088.96097517014 AFC_0 Guidance TM(139,14) APID(292).png",1020x1020,0.0,157,99.58,99.89,8,444,13.37,14.22,205,278,6.57,7.11,62,0.46155,99.89,7.11,47.01,0.9,5.44,10.75,16.07,21.3
"115136.88098573685 AFC_0 Guidance TM(139,14) APID(292).png",1020x1020,0.0,123,99.53,99.77,6,473,14.89,15.8,200,537,15.71,16.74,108,0.46031,99.77,16.74,60.53,2.79,5.41,10.74,15.96,21.25
"118774.55897569656 AFC_0 Guidance TM(139,14) APID(292).png",1020x1020,0.0,339,97.56,98.22,31,433,12.5,13.33,203,1319,59.34,61.87,157,0.50525,98.22,61.87,41.94,1.98,5.52,10.95,16.27,21.64
"118821.69596004486 AFC_0 Guidance TM(139,14) APID(292).png",1020x1020,0.0,489,93.23,94.17,47,457,13.22,14.1,205,1140,69.76,71.95,126,0.50454,94.17,71.95,17.46,4.65,5.5,10.94,16.3,21.62
"118870.22095775604 AFC_0 Guidance TM(139,14) APID(292).png",1020x1020,0.0,445,93.34,94.2,46,417,12.08,12.88,203,1070,76.19,78.25,126,0.50283,94.2,78.25,22.82,8.19,5.5,10.93,16.26,21.59
"118917.64297151566 AFC_0 Guidance TM(139,14) APID(292).png",1020x1020,0.0,529,88.68,89.7,46,435,11.18,12.02,205,1142,53.36,55.55,142,0.50062,89.7,55.55,9.19,2.51,5.46,10.81,16.1,21.35
"118966.60397720337 AFC_0 Guidance TM(139,14) APID(292).png",1020x1020,0.0,343,93.97,94.62,28,467,13.45,14.35,205,1197,50.6,52.9,156,0.49979,94.62,52.9,39.84,2.26,5.38,10.74,16.05,21.24
"119014.58096981049 AFC_0 Guidance TM(139,14) APID(292).png",1020x1020,0.0,427,91.78,92.6,31,555,15.39,16.46,220,1152,60.03,62.24,141,0.49919,92.6,62.24,24.39,3.26,5.38,10.68,15.9,21.14
"119062.26995277405 AFC_0 Guidance TM(139,14) APID(292).png",1020x1020,0.0,294,93.29,93.85,31,482,12.57,13.49,204,1121,36.55,38.71,157,0.49937,93.85,38.71,43.42,2.23,5.32,10.65,15.88,21.13
"119110.26095247269 AFC_0 Guidance TM(139,14) APID(292).png",1020x1020,0.0,317,93.56,94.17,16,568,15.76,16.86,220,1243,59.94,62.33,157,0.49953,94.17,62.33,55.91,5.12,5.39,10.72,16.02,21.24
"119158.56594944 AFC_0 Guidance TM(139,14) APID(292).png",1020x1020,0.0,274,93.48,94.01,12,468,11.47,12.37,205,1325,62.42,64.97,165,0.50022,94.01,64.97,57.5,5.11,5.42,10.74,16.05,21.33
"119206.55897569656 AFC_0 Guidance TM(139,14) APID(292).png",1020x1020,0.0,288,93.59,94.15,15,572,16.14,17.24,217,1201,38.88,41.19,160,0.50209,94.15,41.19,28.37,2.11,5.38,10.71,15.98,21.27
"119254.54896211624 AFC_0 Guidance TM(139,14) APID(292).png",1020x1020,0.0,237,94.01,94.46,15,537,14.08,15.11,204,1195,38.24,40.54,173,0.50342,94.46,40.54,37.94,1.6,5.41,10.75,16.03,21.24
"119302.24795866013 AFC_0 Guidance TM(139,14) APID(292).png",1020x1020,0.0,328,94.46,95.09,31,549,17.19,18.25,204,1259,60.22,62.64,142,0.50492,95.09,62.64,16.25,3.68,5.46,10.79,16.06,21.35
"93670.06097888947 AFC_0 Guidance TM(139,14) APID(292).png",1020x1020,0.0,542,23.11,24.16,80,277,9.8,10.33,155,202,5.7,6.09,47,0.43859,24.16,6.09,12.55,2.5,4.17,8.2,12.42,16.57
"93717.75598192215 AFC_0 Guidance TM(139,14) APID(292).png",1020x1020,0.0,495,21.91,22.86,79,291,10.71,11.27,158,177,5.61,5.95,46,0.43853,22.86,5.95,12.34,2.35,4.25,8.45,12.73,16.99
"93767.44595241547 AFC_0 Guidance TM(139,14) APID(292).png",1020x1020,0.0,572,23.45,24.55,78,265,11.31,11.82,157,194,5.54,5.91,47,0.43885,24.55,5.91,12.73,2.48,4.06,8.02,12.13,16.22
"93813.553981781 AFC_0 Guidance TM(139,14) APID(292).png",1020x1020,0.0,489,21.74,22.68,69,294,9.87,10.43,157,190,5.61,5.97,46,0.43809,22.68,5.97,12.52,2.5,4.28,8.41,12.72,16.96
"93863.14298200607 AFC_0 Guidance TM(139,14) APID(292).png",1020x1020,0.0,325,17.47,18.09,62,311,10.67,11.27,157,193,5.84,6.21,48,0.43838,18.09,6.21,11.82,2.75,4.24,8.35,12.64,16.83
"93911.29998064041 AFC_0 Guidance TM(139,14) APID(292).png",1020x1020,0.0,427,19.85,20.67,71,291,10.34,10.9,149,190,5.95,6.32,63,0.43832,20.67,6.32,12.44,2.68,4.27,8.43,12.7,16.97
"93963.96595144272 AFC_0 Guidance TM(139,14) APID(292).png",1020x1020,0.0,435,20.58,21.42,63,291,10.96,11.52,163,181,5.69,6.04,41,0.43792,21.42,6.04,12.55,2.58,4.21,8.3,12.59,16.7
"94007.4449391365 AFC_0 Guidance TM(139,14) APID(292).png",1020x1020,0.0,359,18.53,19.22,62,306,10.77,11.36,157,184,5.47,5.82,62,0.43786,19.22,5.82,12.23,2.58,4.26,8.43,12.76,17.04
"94054.26297903061 AFC_0 Guidance TM(139,14) APID(292).png",1020x1020,0.0,322,18.38,19.0,53,283,9.36,9.9,150,179,5.2,5.55,49,0.43802,19.0,5.55,11.53,2.36,4.18,8.29,12.54,16.69
"94101.50999355316 AFC_0 Guidance TM(139,14) APID(292).png",1020x1020,0.0,377,19.13,19.85,55,316,10.66,11.26,157,198,5.67,6.06,63,0.43806,19.85,6.06,12.03,2.66,4.25,8.32,12.6,16.85
"94149.94099473953 AFC_0 Guidance TM(139,14) APID(292).png",1020x1020,0.0,254,16.5,16.99,31,274,9.16,9.69,172,188,5.56,5.93,47,0.43771,16.99,5.93,11.32,2.6,4.33,8.55,12.96,17.24
"94197.46499204636 AFC_0 Guidance TM(139,14) APID(292).png",1020x1020,0.0,610,25.31,26.49,78,328,10.26,10.89,177,178,5.58,5.92,44,0.4377,26.49,5.92,13.51,2.78,4.22,8.28,12.53,16.78
"94245.5499882698 AFC_0 Guidance TM(139,14) APID(292).png",1020x1020,0.0,288,17.37,17.92,51,327,11.22,11.85,170,184,5.66,6.01,47,0.43777,17.92,6.01,12.45,2.8,4.23,8.25,12.51,16.72
"94293.51994752884 AFC_0 Guidance TM(139,14) APID(292).png",1020x1020,0.0,426,20.51,21.33,63,327,10.37,11.0,158,195,5.59,5.97,47,0.43792,21.33,5.97,13.03,2.65,4.27,8.3,12.62,16.86
"94341.94695520401 AFC_0 Guidance TM(139,14) APID(292).png",1020x1020,0.0,500,22.46,23.42,78,324,10.84,11.46,172,187,5.61,5.97,47,0.43773,23.42,5.97,13.61,2.55,4.2,8.22,12.39,16.56
"94389.55094194412 AFC_0 Guidance TM(139,14) APID(292).png",1020x1020,0.0,342,19.11,19.77,62,285,8.66,9.21,157,198,5.69,6.07,46,0.43786,19.77,6.07,12.94,2.46,4.12,8.02,12.15,16.22
"94437.88895988464 AFC_0 Guidance TM(139,14) APID(292).png",1020x1020,0.0,420,20.68,21.49,66,301,10.19,10.77,157,199,5.69,6.07,50,0.43767,21.49,6.07,13.61,2.5,4.19,8.26,12.43,16.61
"94485.5659623146 AFC_0 Guidance TM(139,14) APID(292).png",1020x1020,0.0,466,22.62,23.51,79,310,10.02,10.62,161,215,5.85,6.27,58,0.43756,23.51,6.27,13.66,2.7,4.22,8.3,12.48,16.63
"94533.99994373322 AFC_0 Guidance TM(139,14) APID(292).png",1020x1020,0.0,356,19.74,20.42,69,295,9.67,10.24,150,217,5.91,6.33,62,0.43771,20.42,6.33,13.52,2.57,4.2,8.27,12.43,16.62
"94581.54694843292 AFC_0 Guidance TM(139,14) APID(292).png",1020x1020,0.0,531,24.04,25.06,63,310,10.55,11.14,173,234,5.77,6.22,46,0.437,25.06,6.22,14.1,2.53,4.2,8.26,12.42,16.58
"94631.53994894028 AFC_0 Guidance TM(139,14) APID(292).png",1020x1020,0.0,142,15.11,15.39,15,310,9.59,10.19,157,218,5.63,6.05,62,0.43746,15.39,6.05,5.37,2.44,4.19,8.23,12.45,16.59
"94677.53496789932 AFC_0 Guidance TM(139,14) APID(292).png",1020x1020,0.0,551,25.31,26.37,70,281,9.7,10.24,173,229,5.79,6.23,56,0.43715,26.37,6.23,14.5,2.68,4.21,8.31,12.52,16.7
"94727.71494817734 AFC_0 Guidance TM(139,14) APID(292).png",1020x1020,0.0,345,20.25,20.91,45,315,9.85,10.46,173,239,5.98,6.44,46,0.43717,20.91,6.44,13.67,2.8,4.19,8.3,12.46,16.63
"94773.53997468948 AFC_0 Guidance TM(139,14) APID(292).png",1020x1020,0.0,192,16.83,17.2,31,310,10.19,10.78,157,222,5.8,6.23,62,0.43734,17.2,6.23,13.41,2.79,4.24,8.39,12.56,16.81
"94823.7239484787 AFC_0 Guidance TM(139,14) APID(292).png",1020x1020,0.0,375,20.68,21.4,71,291,9.07,9.63,169,227,5.87,6.3,51,0.43665,21.4,6.3,14.14,2.82,4.18,8.26,12.4,16.57
"94869.52799415588 AFC_0 Guidance TM(139,14) APID(292).png",1020x1020,0.0,391,20.97,21.72,63,296,9.47,10.04,173,222,5.8,6.23,47,0.43717,21.72,6.23,14.27,2.89,4.18,8.23,12.41,16.52
"94917.60399007797 AFC_0 Guidance TM(139,14) APID(292).png",1020x1020,0.0,254,17.98,18.47,32,290,8.79,9.35,173,222,5.97,6.39,47,0.43701,18.47,6.39,13.66,2.77,4.26,8.37,12.65,16.86
"94965.59194993973 AFC_0 Guidance TM(139,14) APID(292).png",1020x1020,0.0,556,25.02,26.09,79,329,9.85,10.49,176,217,5.59,6.01,44,0.43665,26.09,6.01,14.91,2.84,4.17,8.27,12.48,16.61
"95013.56298208237 AFC_0 Guidance TM(139,14) APID(292).png",1020x1020,0.0,381,20.89,21.62,62,291,8.42,8.97,157,231,5.74,6.19,62,0.43685,21.62,6.19,14.5,2.83,4.24,8.43,12.61,16.87
"95061.58396291733 AFC_0 Guidance TM(139,14) APID(292).png",1020x1020,0.0,468,22.55,23.45,77,315,9.91,10.52,157,229,5.72,6.16,77,0.43635,23.45,6.16,14.62,2.63,4.24,8.36,12.61,16.81
"95109.45897197723 AFC_0 Guidance TM(139,14) APID(292).png",1020x1020,0.0,454,22.64,23.52,63,311,10.13,10.73,173,232,6.06,6.51,46,0.43669,23.52,6.51,14.65,2.89,4.23,8.31,12.49,16.66
"95157.57895612717 AFC_0 Guidance TM(139,14) APID(292).png",1020x1020,0.0,493,23.78,24.73,78,300,9.98,10.56,157,242,6.03,6.5,63,0.43576,24.73,6.5,15.04,2.96,4.22,8.27,12.41,16.58
"95205.51494073868 AFC_0 Guidance TM(139,14) APID(292).png",1020x1020,0.0,382,21.12,21.86,62,316,9.44,10.05,173,233,5.92,6.37,47,0.43734,21.86,6.37,14.72,3.04,4.16,8.27,12.41,16.52
"95253.57895612717 AFC_0 Guidance TM(139,14) APID(292).png",1020x1020,0.0,513,24.24,25.22,79,321,9.38,10.0,173,251,6.44,6.92,46,0.43647,25.22,6.92,15.43,3.14,4.14,8.18,12.28,16.41
"95301.50999355316 AFC_0 Guidance TM(139,14) APID(292).png",1020x1020,0.0,574,25.87,26.97,79,301,9.37,9.95,177,245,6.28,6.75,41,0.4363,26.97,6.75,15.64,2.99,4.22,8.36,12.53,16.74
"95349.94594192505 AFC_0 Guidance TM(139,14) APID(292).png",1020x1020,0.0,163,17.22,17.53,15,317,9.48,10.09,157,244,6.28,6.75,62,0.43637,17.53,6.75,13.61,2.84,4.21,8.28,12.37,16.5
"95397.52799415588 AFC_0 Guidance TM(139,14) APID(292).png",1020x1020,0.0,441,23.16,24.0,62,339,10.77,11.42,174,250,6.37,6.85,60,0.43656,24.0,6.85,15.55,3.13,4.16,8.21,12.31,16.44
"95446.27495956421 AFC_0 Guidance TM(139,14) APID(292).png",1020x1020,0.0,497,24.12,25.08,78,282,9.26,9.8,157,226,6.06,6.5,62,0.436,25.08,6.5,15.83,2.84,4.06,8.02,11.99,16.01
"95499.19198513031 AFC_0 Guidance TM(139,14) APID(292).png",1020x1020,0.0,534,26.08,27.1,78,280,9.23,9.77,157,217,6.08,6.49,63,0.43654,27.1,6.49,16.15,2.93,4.11,8.1,12.12,16.18
"95541.99696350098 AFC_0 Guidance TM(139,14) APID(292).png",1020x1020,0.0,216,18.51,18.92,47,287,10.41,10.96,158,228,6.26,6.69,47,0.43637,18.92,6.69,14.72,2.86,4.15,8.13,12.27,16.4
"95589.59194993973 AFC_0 Guidance TM(139,14) APID(292).png",1020x1020,0.0,400,22.93,23.7,63,326,10.45,11.08,171,227,6.16,6.6,48,0.43612,23.7,6.6,15.75,2.91,4.2,8.25,12.44,16.62
"95643.51796293259 AFC_0 Guidance TM(139,14) APID(292).png",1020x1020,0.0,283,20.04,20.59,46,293,9.8,10.36,157,221,6.17,6.6,63,0.43549,20.59,6.6,15.27,2.98,4.17,8.28,12.39,16.55
"95685.58396291733 AFC_0 Guidance TM(139,14) APID(292).png",1020x1020,0.0,323,21.48,22.1,46,292,9.55,10.11,173,229,6.3,6.74,55,0.43568,22.1,6.74,15.87,2.94,4.21,8.33,12.47,16.69
"95735.68896055222 AFC_0 Guidance TM(139,14) APID(292).png",1020x1020,0.0,411,23.28,24.07,63,301,10.01,10.59,156,241,6.37,6.83,63,0.43616,24.07,6.83,16.53,2.82,3.96,7.77,11.64,15.57
"95781.5129737854 AFC_0 Guidance TM(139,14) APID(292).png",1020x1020,0.0,194,18.82,19.2,33,284,9.36,9.9,155,254,6.84,7.33,63,0.43558,19.2,7.33,15.13,3.23,4.16,8.16,12.2,16.35
"95831.78498363495 AFC_0 Guidance TM(139,14) APID(292).png",1020x1020,0.0,204,18.98,19.37,36,310,9.74,10.34,167,263,6.69,7.19,47,0.43608,19.37,7.19,15.58,3.3,4.1,8.06,12.07,16.18
"95877.62795114517 AFC_0 Guidance TM(139,14) APID(292).png",1020x1020,0.0,261,20.19,20.7,38,331,10.17,10.81,165,247,6.53,7.01,63,0.43674,20.7,7.01,15.81,3.22,4.22,8.3,12.4,16.58
"95925.64499807358 AFC_0 Guidance TM(139,14) APID(292).png",1020x1020,0.0,243,19.89,20.36,31,294,9.51,10.07,172,252,6.6,7.09,47,0.43616,20.36,7.09,16.31,3.1,4.14,8.1,12.09,16.18
"95973.62795114517 AFC_0 Guidance TM(139,14) APID(292).png",1020x1020,0.0,267,20.36,20.87,31,296,9.67,10.24,158,236,6.52,6.97,63,0.43576,20.87,6.97,16.46,3.25,3.99,7.77,11.59,15.52
"96021.55296850204 AFC_0 Guidance TM(139,14) APID(292).png",1020x1020,0.0,366,22.48,23.18,62,277,9.44,9.97,157,235,6.59,7.04,47,0.43671,23.18,7.04,16.83,3.15,4.3,8.39,12.54,16.75
"96069.49395990372 AFC_0 Guidance TM(139,14) APID(292).png",1020x1020,0.0,179,18.78,19.13,18,301,9.87,10.45,171,237,6.75,7.21,47,0.43669,19.13,7.21,14.93,3.2,4.09,7.97,11.9,15.94
"96119.45393943787 AFC_0 Guidance TM(139,14) APID(292).png",1020x1020,0.0,315,21.77,22.38,65,283,8.62,9.17,154,244,6.88,7.35,65,0.43606,22.38,7.35,17.07,3.32,4.25,8.31,12.44,16.6
"96165.43095779419 AFC_0 Guidance TM(139,14) APID(292).png",1020x1020,0.0,185,19.09,19.44,31,329,10.2,10.83,173,253,6.87,7.35,49,0.43592,19.44,7.35,15.79,3.32,4.2,8.28,12.37,16.55
"96213.56399536133 AFC_0 Guidance TM(139,14) APID(292).png",1020x1020,0.0,191,19.36,19.73,15,302,9.54,10.12,173,261,7.27,7.77,46,0.43627,19.73,7.77,16.21,3.45,4.23,8.27,12.35,16.53
"96261.54295492172 AFC_0 Guidance TM(139,14) APID(292).png",1020x1020,0.0,209,20.0,20.4,33,344,10.56,11.22,157,263,6.95,7.45,62,0.43626,20.4,7.45,16.55,3.4,4.13,8.11,12.17,16.26
"96309.57996940613 AFC_0 Guidance TM(139,14) APID(292).png",1020x1020,0.0,522,26.85,27.85,63,317,9.79,10.39,173,244,6.88,7.35,57,0.43546,27.85,7.35,18.14,3.41,4.03,7.92,11.85,15.82
"96357.48597288132 AFC_0 Guidance TM(139,14) APID(292).png",1020x1020,0.0,415,23.99,24.78,63,319,9.52,10.14,174,252,6.74,7.22,45,0.43575,24.78,7.22,17.49,3.4,4.17,8.21,12.29,16.44
"96405.58294963837 AFC_0 Guidance TM(139,14) APID(292).png",1020x1020,0.0,323,22.69,23.31,47,312,10.15,10.75,173,253,6.91,7.39,47,0.43579,23.31,7.39,17.57,3.47,4.1,8.03,11.99,16.01
"96453.59296321869 AFC_0 Guidance TM(139,14) APID(292).png",1020x1020,0.0,274,21.55,22.08,46,304,9.47,10.05,157,262,7.03,7.53,62,0.43581,22.08,7.53,17.21,3.42,4.19,8.19,12.27,16.34
"96501.58896970749 AFC_0 Guidance TM(139,14) APID(292).png",1020x1020,0.0,300,21.88,22.46,47,318,9.51,10.12,173,262,6.8,7.3,47,0.43621,22.46,7.3,17.31,3.25,4.2,8.17,12.21,16.35
"96551.57994365692 AFC_0 Guidance TM(139,14) APID(292).png",1020x1020,0.0,303,22.78,23.36,47,298,9.33,9.9,172,257,7.2,7.69,47,0.43543,23.36,7.69,18.03,3.42,4.24,8.31,12.4,16.57
"96597.55499505997 AFC_0 Guidance TM(139,14) APID(292).png",1020x1020,0.0,382,24.11,24.85,57,308,9.45,10.05,157,251,7.04,7.53,62,0.43579,24.85,7.53,18.06,3.35,4.16,8.16,12.22,16.3
"96651.49996232986 AFC_0 Guidance TM(139,14) APID(292).png",1020x1020,0.0,300,22.45,23.03,46,319,9.98,10.59,173,261,7.43,7.93,55,0.43596,23.03,7.93,18.16,3.43,4.13,8.11,12.11,16.24
"96693.6459517479 AFC_0 Guidance TM(139,14) APID(292).png",1020x1020,0.0,200,20.55,20.94,15,302,10.42,11.0,157,256,7.24,7.73,62,0.43592,20.94,7.73,16.82,3.47,4.15,8.15,12.19,16.3
"96742.05299186707 AFC_0 Guidance TM(139,14) APID(292).png",1020x1020,0.0,240,21.77,22.23,31,322,10.17,10.79,173,244,7.14,7.61,62,0.43636,22.23,7.61,18.05,3.35,4.12,8.07,12.06,16.14
"96789.64797830582 AFC_0 Guidance TM(139,14) APID(292).png",1020x1020,0.0,291,22.59,23.15,46,291,10.33,10.88,157,257,7.32,7.82,62,0.43605,23.15,7.82,18.57,3.34,4.08,8.03,11.97,16.06
"96839.75798273087 AFC_0 Guidance TM(139,14) APID(292).png",1020x1020,0.0,191,21.16,21.53,28,308,10.1,10.7,171,260,7.42,7.92,48,0.43603,21.53,7.92,17.72,3.42,4.09,8.02,11.99,15.98
"96885.59594345093 AFC_0 Guidance TM(139,14) APID(292).png",1020x1020,0.0,398,25.04,25.8,63,293,9.07,9.63,159,256,7.39,7.88,62,0.43601,25.8,7.88,18.98,3.64,4.11,8.03,12.06,16.06
"96935.78599691391 AFC_0 Guidance TM(139,14) APID(292).png",1020x1020,0.0,234,22.05,22.5,31,317,10.67,11.28,173,274,7.68,8.21,54,0.43558,22.5,8.21,18.53,3.66,4.12,8.12,12.06,16.16
"96983.55997610092 AFC_0 Guidance TM(139,14) APID(292).png",1020x1020,0.0,302,23.53,24.11,46,292,9.4,9.96,157,269,7.65,8.17,62,0.43626,24.11,8.17,18.63,3.58,4.24,8.3,12.39,16.54
"97033.56197690964 AFC_0 Guidance TM(139,14) APID(292).png",1020x1020,0.0,195,21.48,21.86,31,301,10.2,10.78,166,288,7.72,8.28,54,0.43661,21.86,8.28,18.03,3.62,4.17,8.22,12.16,16.25
"97077.573949337 AFC_0 Guidance TM(139,14) APID(292).png",1020x1020,0.0,221,21.92,22.35,31,288,10.08,10.63,172,264,7.52,8.02,47,0.43656,22.35,8.02,18.73,3.51,4.21,8.25,12.26,16.37
"97129.66497373581 AFC_0 Guidance TM(139,14) APID(292).png",1020x1020,0.0,185,21.62,21.98,15,297,9.85,10.43,204,291,7.56,8.12,47,0.43596,21.98,8.12,17.14,3.34,4.08,8.09,11.96,15.96
"97173.53794813156 AFC_0 Guidance TM(139,14) APID(292).png",1020x1020,0.0,280,23.63,24.16,46,299,9.98,10.55,164,286,7.57,8.12,56,0.43606,24.16,8.12,19.18,3.54,4.16,8.17,12.16,16.23
"97223.75398921967 AFC_0 Guidance TM(139,14) APID(292).png",1020x1020,0.0,241,23.4,23.87,47,310,10.39,10.99,157,294,7.93,8.5,62,0.43583,23.87,8.5,19.16,3.8,4.13,8.12,12.05,16.08
"97269.61394405365 AFC_0 Guidance TM(139,14) APID(292).png",1020x1020,0.0,326,25.37,26.0,46,311,10.21,10.81,173,266,7.52,8.03,62,0.43647,26.0,8.03,19.67,3.43,4.19,8.18,12.15,16.27
"97319.6959939003 AFC_0 Guidance TM(139,14) APID(292).png",1020x1020,0.0,215,23.36,23.78,47,321,10.46,11.08,157,303,8.12,8.71,63,0.43637,23.78,8.71,19.8,3.73,4.16,8.19,12.16,16.27
"97365.63999128342 AFC_0 Guidance TM(139,14) APID(292).png",1020x1020,0.0,217,23.18,23.6,31,294,9.59,10.16,173,283,7.88,8.42,63,0.43634,23.6,8.42,19.46,3.81,4.26,8.34,12.37,16.59
"97419.21594619751 AFC_0 Guidance TM(139,14) APID(292).png",1020x1020,0.0,270,24.6,25.11,47,321,10.28,10.9,172,279,7.81,8.34,63,0.43639,25.11,8.34,19.86,3.34,4.15,8.16,12.15,16.17
"97461.60995054245 AFC_0 Guidance TM(139,14) APID(292).png",1020x1020,0.0,258,24.3,24.8,31,352,11.39,12.07,173,290,8.28,8.83,62,0.43683,24.8,8.83,19.98,4.05,4.21,8.26,12.39,16.51
"97514.91398906708 AFC_0 Guidance TM(139,14) APID(292).png",1020x1020,0.0,211,23.78,24.18,31,307,10.71,11.3,173,284,8.21,8.75,68,0.43678,24.18,8.75,20.0,3.8,4.2,8.2,12.25,16.31
"97559.46895980835 AFC_0 Guidance TM(139,14) APID(292).png",1020x1020,0.0,185,23.27,23.62,15,318,10.24,10.85,177,281,8.0,8.54,72,0.43637,23.62,8.54,19.29,3.67,4.13,8.08,12.03,16.03
"97607.40297746658 AFC_0 Guidance TM(139,14) APID(292).png",1020x1020,0.0,190,23.38,23.74,31,313,10.03,10.64,157,308,8.32,8.91,63,0.43677,23.74,8.91,19.55,3.62,4.2,8.27,12.26,16.33
"97655.45799255371 AFC_0 Guidance TM(139,14) APID(292).png",1020x1020,0.0,235,23.92,24.37,31,314,9.79,10.39,157,283,7.99,8.53,78,0.43658,24.37,8.53,20.41,3.95,4.12,8.1,12.12,16.12
"97703.69295406342 AFC_0 Guidance TM(139,14) APID(292).png",1020x1020,0.0,283,25.23,25.78,47,301,9.76,10.34,157,274,8.07,8.6,63,0.43627,25.78,8.6,20.81,3.81,4.13,8.11,12.01,15.95
"97752.00498437881 AFC_0 Guidance TM(139,14) APID(292).png",1020x1020,0.0,299,25.9,26.47,62,329,10.3,10.93,157,320,8.33,8.95,78,0.43717,26.47,8.95,21.32,3.78,4.2,8.27,12.24,16.27
"97798.31197404861 AFC_0 Guidance TM(139,14) APID(292).png",1020x1020,0.0,189,23.88,24.24,16,317,10.17,10.78,172,303,8.51,9.09,63,0.43645,24.24,9.09,20.62,4.0,4.27,8.4,12.47,16.61
"97846.33194160461 AFC_0 Guidance TM(139,14) APID(292).png",1020x1020,0.0,322,26.49,27.11,47,353,10.63,11.31,173,309,8.18,8.77,62,0.4362,27.11,8.77,21.13,3.7,4.21,8.36,12.37,16.46
"97894.36895608902 AFC_0 Guidance TM(139,14) APID(292).png",1020x1020,0.0,256,25.56,26.06,46,343,10.3,10.96,173,303,8.25,8.83,62,0.43669,26.06,8.83,20.95,3.73,4.09,8.15,12.04,16.05
"97942.31799411774 AFC_0 Guidance TM(139,14) APID(292).png",1020x1020,0.0,221,24.84,25.27,31,316,10.27,10.88,173,313,8.04,8.64,63,0.43725,25.27,8.64,21.26,3.77,4.15,8.24,12.17,16.27
"97989.6339712143 AFC_0 Guidance TM(139,14) APID(292).png",1020x1020,0.0,329,27.1,27.73,46,318,10.26,10.87,157,300,8.3,8.88,62,0.43643,27.73,8.88,21.7,3.81,4.23,8.3,12.28,16.39
"98038.49198007584 AFC_0 Guidance TM(139,14) APID(292).png",1020x1020,0.0,211,24.76,25.17,31,346,10.78,11.45,157,314,8.39,8.99,62,0.43654,25.17,8.99,20.87,3.98,4.17,8.22,12.21,16.14
"98088.22999191284 AFC_0 Guidance TM(139,14) APID(292).png",1020x1020,0.0,220,24.94,25.36,31,336,10.67,11.32,173,315,8.71,9.31,63,0.43642,25.36,9.31,21.01,3.98,4.16,8.19,12.09,16.15
"98136.27696037292 AFC_0 Guidance TM(139,14) APID(292).png",1020x1020,0.0,257,26.13,26.63,47,314,9.94,10.54,172,294,8.35,8.91,63,0.43693,26.63,8.91,22.05,3.95,4.23,8.3,12.3,16.48
"98182.78797674179 AFC_0 Guidance TM(139,14) APID(292).png",1020x1020,0.0,249,26.2,26.68,47,336,9.99,10.64,157,293,8.64,9.2,63,0.43734,26.68,9.2,22.12,4.02,4.15,8.15,12.09,16.05
"98230.95898246765 AFC_0 Guidance TM(139,14) APID(292).png",1020x1020,0.0,231,26.03,26.48,31,320,10.17,10.79,172,300,8.39,8.96,63,0.43667,26.48,8.96,22.23,4.0,4.17,8.22,12.18,16.22
"98278.55897569656 AFC_0 Guidance TM(139,14) APID(292).png",1020x1020,0.0,255,26.55,27.04,31,326,10.82,11.45,172,301,8.44,9.02,63,0.43632,27.04,9.02,21.9,4.33,4.19,8.21,12.21,16.27
"98327.49798727036 AFC_0 Guidance TM(139,14) APID(292).png",1020x1020,0.0,242,26.31,26.78,31,350,10.92,11.59,173,318,8.55,9.16,63,0.43644,26.78,9.16,22.56,4.42,4.16,8.11,12.02,15.97
"98375.39499044418 AFC_0 Guidance TM(139,14) APID(292).png",1020x1020,0.0,233,26.38,26.83,33,317,10.45,11.06,171,319,8.8,9.42,63,0.43658,26.83,9.42,22.47,4.39,4.25,8.26,12.29,16.3
"98425.65197992325 AFC_0 Guidance TM(139,14) APID(292).png",1020x1020,0.0,348,29.18,29.85,63,316,11.07,11.68,157,295,8.73,9.3,62,0.43678,29.85,9.3,23.34,4.37,4.23,8.25,12.31,16.35
"98471.4929804802 AFC_0 Guidance TM(139,14) APID(292).png",1020x1020,0.0,279,27.83,28.37,48,334,10.48,11.12,165,314,9.05,9.66,62,0.43704,28.37,9.66,23.27,4.49,4.3,8.39,12.43,16.59
"98521.29298114777 AFC_0 Guidance TM(139,14) APID(292).png",1020x1020,0.0,203,26.69,27.08,15,327,10.37,11.0,173,333,9.3,9.94,70,0.43746,27.08,9.94,22.67,4.54,4.29,8.36,12.41,16.6
"98567.08296012878 AFC_0 Guidance TM(139,14) APID(292).png",1020x1020,0.0,403,30.44,31.21,62,331,10.78,11.42,173,298,8.86,9.43,63,0.43728,31.21,9.43,24.03,4.48,4.19,8.23,12.26,16.38
"98615.61296463013 AFC_0 Guidance TM(139,14) APID(292).png",1020x1020,0.0,187,26.78,27.14,31,325,9.88,10.51,157,325,9.29,9.91,63,0.43746,27.14,9.91,22.67,4.48,4.27,8.31,12.37,16.38
"98661.53598117828 AFC_0 Guidance TM(139,14) APID(292).png",1020x1020,0.0,247,27.96,28.43,47,359,10.49,11.18,172,336,9.15,9.79,63,0.43734,28.43,9.79,23.89,4.75,4.22,8.26,12.25,16.3
"98709.60095024109 AFC_0 Guidance TM(139,14) APID(292).png",1020x1020,0.0,200,27.04,27.43,23,353,11.16,11.83,165,313,8.68,9.28,63,0.43746,27.43,9.28,23.11,4.57,4.2,8.2,12.24,16.16
"98757.62097740173 AFC_0 Guidance TM(139,14) APID(292).png",1020x1020,0.0,206,27.09,27.48,31,361,10.15,10.84,166,332,9.01,9.65,70,0.43782,27.48,9.65,22.71,4.01,4.12,8.12,12.07,15.97
"98805.64398479462 AFC_0 Guidance TM(139,14) APID(292).png",1020x1020,0.0,235,28.22,28.67,43,347,11.03,11.7,161,351,9.55,10.22,63,0.43792,28.67,10.22,23.91,4.63,4.36,8.56,12.72,16.78
"98853.5209608078 AFC_0 Guidance TM(139,14) APID(292).png",1020x1020,0.0,233,27.82,28.27,31,350,10.19,10.86,172,345,9.19,9.85,63,0.43711,28.27,9.85,23.55,4.24,4.22,8.24,12.29,16.31
"98901.58098268509 AFC_0 Guidance TM(139,14) APID(292).png",1020x1020,0.0,189,27.76,28.13,32,388,11.61,12.36,171,342,9.15,9.81,63,0.43766,28.13,9.81,22.8,4.15,4.17,8.19,12.19,16.14
"98949.62699747086 AFC_0 Guidance TM(139,14) APID(292).png",1020x1020,0.0,293,29.62,30.18,47,352,10.77,11.44,177,309,8.68,9.27,58,0.43711,30.18,9.27,24.74,4.18,4.23,8.35,12.39,16.44
"98998.97197628021 AFC_0 Guidance TM(139,14) APID(292).png",1020x1020,0.0,220,27.99,28.41,24,341,10.3,10.95,175,327,9.29,9.92,60,0.43763,28.41,9.92,23.76,4.0,4.3,8.5,12.61,16.71
"99062.19398927689 AFC_0 Guidance TM(139,14) APID(292).png",1020x1020,0.0,315,30.6,31.21,47,342,11.07,11.73,172,320,8.64,9.25,63,0.43669,31.21,9.25,25.05,4.15,4.28,8.4,12.49,16.55
"99094.06896591187 AFC_0 Guidance TM(139,14) APID(292).png",1020x1020,0.0,254,29.41,29.9,31,350,11.1,11.77,173,308,8.72,9.31,62,0.43658,29.9,9.31,24.89,4.12,4.22,8.26,12.3,16.29
"99142.01198387146 AFC_0 Guidance TM(139,14) APID(292).png",1020x1020,0.0,269,30.26,30.77,46,355,11.1,11.78,173,314,9.22,9.82,64,0.43746,30.77,9.82,25.28,4.03,4.28,8.39,12.43,16.5
"99191.13696193695 AFC_0 Guidance TM(139,14) APID(292).png",1020x1020,0.0,317,30.88,31.49,46,333,11.58,12.22,173,315,8.98,9.59,66,0.43778,31.49,9.59,25.52,4.39,4.35,8.5,12.67,16.81
"99241.5589966774 AFC_0 Guidance TM(139,14) APID(292).png",1020x1020,0.0,348,31.71,32.38,47,357,11.04,11.73,172,310,8.94,9.54,63,0.43711,32.38,9.54,26.04,4.65,4.32,8.44,12.57,16.7
"99287.42598485947 AFC_0 Guidance TM(139,14) APID(292).png",1020x1020,0.0,316,31.21,31.82,47,359,10.62,11.31,175,334,8.8,9.44,60,0.43746,31.82,9.44,25.54,4.03,4.34,8.48,12.64,16.71
"99337.56096363068 AFC_0 Guidance TM(139,14) APID(292).png",1020x1020,0.0,216,29.37,29.79,31,347,11.0,11.67,158,353,9.69,10.37,64,0.43671,29.79,10.37,24.67,4.28,4.31,8.41,12.48,16.47
"99383.2259516716 AFC_0 Guidance TM(139,14) APID(292).png",1020x1020,0.0,206,29.79,30.18,34,362,11.18,11.88,170,331,9.01,9.65,62,0.43756,30.18,9.65,25.56,4.41,4.21,8.18,12.22,16.15
"99433.27498054504 AFC_0 Guidance TM(139,14) APID(292).png",1020x1020,0.0,253,30.31,30.8,31,353,11.43,12.11,172,329,9.33,9.96,69,0.43573,30.8,9.96,25.82,4.35,4.29,8.39,12.44,16.49
"99477.573949337 AFC_0 Guidance TM(139,14) APID(292).png",1020x1020,0.0,270,30.88,31.4,46,336,10.28,10.93,173,341,9.29,9.94,62,0.43643,31.4,9.94,26.14,4.54,4.32,8.48,12.56,16.65
"99525.49896669388 AFC_0 Guidance TM(139,14) APID(292).png",1020x1020,0.0,292,30.92,31.48,46,368,11.42,12.13,175,344,9.11,9.77,61,0.43699,31.48,9.77,26.39,4.62,4.29,8.38,12.41,16.5
"99573.70496034622 AFC_0 Guidance TM(139,14) APID(292).png",1020x1020,0.0,241,30.59,31.05,33,323,11.13,11.75,170,333,9.59,10.23,63,0.43684,31.05,10.23,26.37,4.7,4.32,8.38,12.53,16.58
"99621.59194993973 AFC_0 Guidance TM(139,14) APID(292).png",1020x1020,0.0,283,31.85,32.39,51,362,11.31,12.0,168,327,9.31,9.94,62,0.43689,32.39,9.94,27.31,4.68,4.36,8.47,12.64,16.76
"99669.61996412277 AFC_0 Guidance TM(139,14) APID(292).png",1020x1020,0.0,219,30.73,31.15,24,351,11.06,11.73,164,327,9.18,9.81,63,0.43693,31.15,9.81,25.88,4.36,4.27,8.38,12.46,16.52
"99717.56298208237 AFC_0 Guidance TM(139,14) APID(292).png",1020x1020,0.0,231,30.96,31.41,31,341,10.89,11.55,157,338,9.37,10.02,79,0.43739,31.41,10.02,26.03,4.64,4.36,8.53,12.6,16.77
"99765.53699445724 AFC_0 Guidance TM(139,14) APID(292).png",1020x1020,0.0,219,30.8,31.22,15,352,10.7,11.38,172,336,9.49,10.14,78,0.43632,31.22,10.14,24.62,4.83,4.3,8.43,12.56,16.53
"99813.60399007797 AFC_0 Guidance TM(139,14) APID(292).png",1020x1020,0.0,330,33.62,34.25,63,358,11.2,11.89,172,323,9.23,9.85,63,0.43753,34.25,9.85,28.24,4.76,4.36,8.53,12.67,16.83
"99862.11194086075 AFC_0 Guidance TM(139,14) APID(292).png",1020x1020,0.0,316,34.09,34.7,48,359,11.32,12.01,171,328,9.34,9.97,69,0.43615,34.7,9.97,28.34,4.7,4.31,8.4,12.58,16.66
"99909.56399536133 AFC_0 Guidance TM(139,14) APID(292).png",1020x1020,0.0,195,31.85,32.22,31,391,12.06,12.81,173,322,9.05,9.67,62,0.4363,32.22,9.67,26.97,4.66,4.39,8.55,12.82,16.89
"99957.95595550537 AFC_0 Guidance TM(139,14) APID(292).png",1020x1020,0.0,236,32.9,33.35,31,353,11.56,12.24,173,336,9.43,10.07,62,0.43642,33.35,10.07,28.01,4.77,4.43,8.65,12.86,17.1
